feature,importance,fold
Age,1333,1
AppliedAmount,799,1
Amount,800,1
Interest,1577,1
LoanDuration,685,1
MonthlyPayment,1257,1
IncomeFromPrincipalEmployer,641,1
IncomeFromPension,131,1
IncomeFromFamilyAllowance,148,1
IncomeFromSocialWelfare,82,1
IncomeFromLeavePay,76,1
IncomeFromChildSupport,45,1
IncomeOther,137,1
IncomeTotal,1356,1
ExistingLiabilities,684,1
LiabilitiesTotal,1354,1
RefinanceLiabilities,135,1
DebtToIncome,618,1
FreeCash,675,1
MonthlyPaymentDay,1118,1
NoOfPreviousLoansBeforeLoan,450,1
AmountOfPreviousLoansBeforeLoan,1037,1
NewCreditCustomer_True,110,1
VerificationType_2,0,1
VerificationType_3,59,1
VerificationType_4,206,1
ApplicationSignedHour_1,1,1
ApplicationSignedHour_2,5,1
ApplicationSignedHour_3,5,1
ApplicationSignedHour_4,0,1
ApplicationSignedHour_5,15,1
ApplicationSignedHour_6,18,1
ApplicationSignedHour_7,12,1
ApplicationSignedHour_8,21,1
ApplicationSignedHour_9,25,1
ApplicationSignedHour_10,36,1
ApplicationSignedHour_11,20,1
ApplicationSignedHour_12,26,1
ApplicationSignedHour_13,36,1
ApplicationSignedHour_14,40,1
ApplicationSignedHour_15,31,1
ApplicationSignedHour_16,39,1
ApplicationSignedHour_17,30,1
ApplicationSignedHour_18,40,1
ApplicationSignedHour_19,22,1
ApplicationSignedHour_20,30,1
ApplicationSignedHour_21,23,1
ApplicationSignedHour_22,32,1
ApplicationSignedHour_23,14,1
ApplicationSignedWeekday_2,67,1
ApplicationSignedWeekday_3,31,1
ApplicationSignedWeekday_4,47,1
ApplicationSignedWeekday_5,47,1
ApplicationSignedWeekday_6,27,1
ApplicationSignedWeekday_7,14,1
LanguageCode_2,27,1
LanguageCode_3,109,1
LanguageCode_4,131,1
LanguageCode_5,0,1
LanguageCode_6,106,1
LanguageCode_7,0,1
LanguageCode_9,15,1
LanguageCode_10,0,1
LanguageCode_13,0,1
LanguageCode_15,0,1
LanguageCode_21,0,1
LanguageCode_22,0,1
Gender_1,162,1
Gender_2,34,1
Country_ES,202,1
Country_FI,150,1
Country_SK,38,1
UseOfLoan_0,49,1
UseOfLoan_1,17,1
UseOfLoan_2,88,1
UseOfLoan_3,18,1
UseOfLoan_4,31,1
UseOfLoan_5,14,1
UseOfLoan_6,23,1
UseOfLoan_7,63,1
UseOfLoan_8,13,1
Education_1,48,1
Education_2,44,1
Education_3,67,1
Education_4,175,1
Education_5,233,1
MaritalStatus_1,75,1
MaritalStatus_2,57,1
MaritalStatus_3,65,1
MaritalStatus_4,31,1
MaritalStatus_5,1,1
EmploymentStatus_0,0,1
EmploymentStatus_2,13,1
EmploymentStatus_3,45,1
EmploymentStatus_4,19,1
EmploymentStatus_5,46,1
EmploymentStatus_6,12,1
EmploymentDurationCurrentEmployer_Other,9,1
EmploymentDurationCurrentEmployer_Retiree,22,1
EmploymentDurationCurrentEmployer_TrialPeriod,21,1
EmploymentDurationCurrentEmployer_UpTo1Year,100,1
EmploymentDurationCurrentEmployer_UpTo2Years,34,1
EmploymentDurationCurrentEmployer_UpTo3Years,31,1
EmploymentDurationCurrentEmployer_UpTo4Years,5,1
EmploymentDurationCurrentEmployer_UpTo5Years,111,1
OccupationArea_0,0,1
OccupationArea_1,45,1
OccupationArea_2,0,1
OccupationArea_3,35,1
OccupationArea_4,10,1
OccupationArea_5,10,1
OccupationArea_6,28,1
OccupationArea_7,31,1
OccupationArea_8,22,1
OccupationArea_9,26,1
OccupationArea_10,32,1
OccupationArea_11,28,1
OccupationArea_12,19,1
OccupationArea_13,23,1
OccupationArea_14,2,1
OccupationArea_15,45,1
OccupationArea_16,21,1
OccupationArea_17,23,1
OccupationArea_18,10,1
OccupationArea_19,10,1
HomeOwnershipType_0,0,1
HomeOwnershipType_1,206,1
HomeOwnershipType_2,86,1
HomeOwnershipType_3,100,1
HomeOwnershipType_4,28,1
HomeOwnershipType_5,24,1
HomeOwnershipType_6,16,1
HomeOwnershipType_7,30,1
HomeOwnershipType_8,148,1
HomeOwnershipType_9,35,1
HomeOwnershipType_10,16,1
UserName_default_True,68,1
LoanApplicationStartedDate_YEAR_2010,0,1
LoanApplicationStartedDate_YEAR_2011,0,1
LoanApplicationStartedDate_YEAR_2012,0,1
LoanApplicationStartedDate_YEAR_2013,3,1
LoanApplicationStartedDate_YEAR_2014,40,1
LoanApplicationStartedDate_YEAR_2015,36,1
LoanApplicationStartedDate_YEAR_2016,33,1
LoanApplicationStartedDate_YEAR_2017,57,1
LoanApplicationStartedDate_YEAR_2018,35,1
LoanApplicationStartedDate_YEAR_2019,65,1
LoanApplicationStartedDate_YEAR_2020,37,1
LoanApplicationStartedDate_YEAR_2021,53,1
LoanApplicationStartedDate_MOY_2,21,1
LoanApplicationStartedDate_MOY_3,12,1
LoanApplicationStartedDate_MOY_4,26,1
LoanApplicationStartedDate_MOY_5,23,1
LoanApplicationStartedDate_MOY_6,20,1
LoanApplicationStartedDate_MOY_7,13,1
LoanApplicationStartedDate_MOY_8,19,1
LoanApplicationStartedDate_MOY_9,15,1
LoanApplicationStartedDate_MOY_10,23,1
LoanApplicationStartedDate_MOY_11,21,1
LoanApplicationStartedDate_MOY_12,22,1
LoanApplicationStartedDate_DOW_1,53,1
LoanApplicationStartedDate_DOW_2,28,1
LoanApplicationStartedDate_DOW_3,52,1
LoanApplicationStartedDate_DOW_4,44,1
LoanApplicationStartedDate_DOW_5,21,1
LoanApplicationStartedDate_DOW_6,38,1
LoanDate_YEAR_2010,0,1
LoanDate_YEAR_2011,0,1
LoanDate_YEAR_2012,0,1
LoanDate_YEAR_2013,1,1
LoanDate_YEAR_2014,26,1
LoanDate_YEAR_2015,26,1
LoanDate_YEAR_2016,17,1
LoanDate_YEAR_2017,17,1
LoanDate_YEAR_2018,28,1
LoanDate_YEAR_2019,28,1
LoanDate_YEAR_2020,19,1
LoanDate_YEAR_2021,23,1
LoanDate_MOY_2,17,1
LoanDate_MOY_3,20,1
LoanDate_MOY_4,18,1
LoanDate_MOY_5,11,1
LoanDate_MOY_6,19,1
LoanDate_MOY_7,11,1
LoanDate_MOY_8,10,1
LoanDate_MOY_9,18,1
LoanDate_MOY_10,28,1
LoanDate_MOY_11,20,1
LoanDate_MOY_12,14,1
LoanDate_DOW_1,36,1
LoanDate_DOW_2,50,1
LoanDate_DOW_3,45,1
LoanDate_DOW_4,28,1
LoanDate_DOW_5,18,1
LoanDate_DOW_6,24,1
FirstPaymentDate_YEAR_2010,0,1
FirstPaymentDate_YEAR_2011,0,1
FirstPaymentDate_YEAR_2012,0,1
FirstPaymentDate_YEAR_2013,3,1
FirstPaymentDate_YEAR_2014,17,1
FirstPaymentDate_YEAR_2015,73,1
FirstPaymentDate_YEAR_2016,41,1
FirstPaymentDate_YEAR_2017,50,1
FirstPaymentDate_YEAR_2018,73,1
FirstPaymentDate_YEAR_2019,64,1
FirstPaymentDate_YEAR_2020,50,1
FirstPaymentDate_YEAR_2021,54,1
FirstPaymentDate_MOY_2,33,1
FirstPaymentDate_MOY_3,26,1
FirstPaymentDate_MOY_4,17,1
FirstPaymentDate_MOY_5,19,1
FirstPaymentDate_MOY_6,15,1
FirstPaymentDate_MOY_7,41,1
FirstPaymentDate_MOY_8,25,1
FirstPaymentDate_MOY_9,19,1
FirstPaymentDate_MOY_10,11,1
FirstPaymentDate_MOY_11,26,1
FirstPaymentDate_MOY_12,35,1
FirstPaymentDate_DOW_1,45,1
FirstPaymentDate_DOW_2,49,1
FirstPaymentDate_DOW_3,54,1
FirstPaymentDate_DOW_4,48,1
MaturityDate_Original_YEAR_2010,0,1
MaturityDate_Original_YEAR_2011,0,1
MaturityDate_Original_YEAR_2012,0,1
MaturityDate_Original_YEAR_2013,0,1
MaturityDate_Original_YEAR_2014,0,1
MaturityDate_Original_YEAR_2015,10,1
MaturityDate_Original_YEAR_2016,21,1
MaturityDate_Original_YEAR_2017,53,1
MaturityDate_Original_YEAR_2018,45,1
MaturityDate_Original_YEAR_2019,60,1
MaturityDate_Original_YEAR_2020,123,1
MaturityDate_Original_YEAR_2021,70,1
MaturityDate_Original_YEAR_2022,58,1
MaturityDate_Original_YEAR_2023,31,1
MaturityDate_Original_YEAR_2024,40,1
MaturityDate_Original_YEAR_2025,11,1
MaturityDate_Original_YEAR_2026,5,1
MaturityDate_Original_MOY_2,25,1
MaturityDate_Original_MOY_3,13,1
MaturityDate_Original_MOY_4,19,1
MaturityDate_Original_MOY_5,9,1
MaturityDate_Original_MOY_6,17,1
MaturityDate_Original_MOY_7,27,1
MaturityDate_Original_MOY_8,17,1
MaturityDate_Original_MOY_9,15,1
MaturityDate_Original_MOY_10,21,1
MaturityDate_Original_MOY_11,25,1
MaturityDate_Original_MOY_12,26,1
MaturityDate_Original_DOW_1,62,1
MaturityDate_Original_DOW_2,51,1
MaturityDate_Original_DOW_3,40,1
MaturityDate_Original_DOW_4,28,1
Age,870,2
AppliedAmount,515,2
Amount,534,2
Interest,1088,2
LoanDuration,522,2
MonthlyPayment,815,2
IncomeFromPrincipalEmployer,428,2
IncomeFromPension,95,2
IncomeFromFamilyAllowance,79,2
IncomeFromSocialWelfare,36,2
IncomeFromLeavePay,37,2
IncomeFromChildSupport,35,2
IncomeOther,82,2
IncomeTotal,939,2
ExistingLiabilities,538,2
LiabilitiesTotal,969,2
RefinanceLiabilities,84,2
DebtToIncome,476,2
FreeCash,479,2
MonthlyPaymentDay,798,2
NoOfPreviousLoansBeforeLoan,308,2
AmountOfPreviousLoansBeforeLoan,794,2
NewCreditCustomer_True,75,2
VerificationType_2,3,2
VerificationType_3,42,2
VerificationType_4,142,2
ApplicationSignedHour_1,1,2
ApplicationSignedHour_2,4,2
ApplicationSignedHour_3,3,2
ApplicationSignedHour_4,2,2
ApplicationSignedHour_5,15,2
ApplicationSignedHour_6,13,2
ApplicationSignedHour_7,17,2
ApplicationSignedHour_8,7,2
ApplicationSignedHour_9,22,2
ApplicationSignedHour_10,11,2
ApplicationSignedHour_11,15,2
ApplicationSignedHour_12,21,2
ApplicationSignedHour_13,21,2
ApplicationSignedHour_14,21,2
ApplicationSignedHour_15,21,2
ApplicationSignedHour_16,20,2
ApplicationSignedHour_17,26,2
ApplicationSignedHour_18,27,2
ApplicationSignedHour_19,11,2
ApplicationSignedHour_20,13,2
ApplicationSignedHour_21,22,2
ApplicationSignedHour_22,17,2
ApplicationSignedHour_23,8,2
ApplicationSignedWeekday_2,35,2
ApplicationSignedWeekday_3,25,2
ApplicationSignedWeekday_4,21,2
ApplicationSignedWeekday_5,30,2
ApplicationSignedWeekday_6,20,2
ApplicationSignedWeekday_7,7,2
LanguageCode_2,23,2
LanguageCode_3,71,2
LanguageCode_4,114,2
LanguageCode_5,0,2
LanguageCode_6,73,2
LanguageCode_7,0,2
LanguageCode_9,14,2
LanguageCode_10,0,2
LanguageCode_13,0,2
LanguageCode_15,0,2
LanguageCode_21,0,2
LanguageCode_22,0,2
Gender_1,129,2
Gender_2,21,2
Country_ES,202,2
Country_FI,124,2
Country_SK,35,2
UseOfLoan_0,33,2
UseOfLoan_1,13,2
UseOfLoan_2,53,2
UseOfLoan_3,12,2
UseOfLoan_4,20,2
UseOfLoan_5,11,2
UseOfLoan_6,20,2
UseOfLoan_7,31,2
UseOfLoan_8,10,2
Education_1,38,2
Education_2,30,2
Education_3,47,2
Education_4,145,2
Education_5,185,2
MaritalStatus_1,53,2
MaritalStatus_2,33,2
MaritalStatus_3,50,2
MaritalStatus_4,22,2
MaritalStatus_5,0,2
EmploymentStatus_0,0,2
EmploymentStatus_2,8,2
EmploymentStatus_3,27,2
EmploymentStatus_4,17,2
EmploymentStatus_5,29,2
EmploymentStatus_6,6,2
EmploymentDurationCurrentEmployer_Other,8,2
EmploymentDurationCurrentEmployer_Retiree,10,2
EmploymentDurationCurrentEmployer_TrialPeriod,10,2
EmploymentDurationCurrentEmployer_UpTo1Year,58,2
EmploymentDurationCurrentEmployer_UpTo2Years,34,2
EmploymentDurationCurrentEmployer_UpTo3Years,23,2
EmploymentDurationCurrentEmployer_UpTo4Years,5,2
EmploymentDurationCurrentEmployer_UpTo5Years,71,2
OccupationArea_0,0,2
OccupationArea_1,37,2
OccupationArea_2,0,2
OccupationArea_3,16,2
OccupationArea_4,3,2
OccupationArea_5,5,2
OccupationArea_6,15,2
OccupationArea_7,19,2
OccupationArea_8,22,2
OccupationArea_9,21,2
OccupationArea_10,27,2
OccupationArea_11,12,2
OccupationArea_12,13,2
OccupationArea_13,11,2
OccupationArea_14,7,2
OccupationArea_15,29,2
OccupationArea_16,18,2
OccupationArea_17,10,2
OccupationArea_18,12,2
OccupationArea_19,5,2
HomeOwnershipType_0,0,2
HomeOwnershipType_1,163,2
HomeOwnershipType_2,58,2
HomeOwnershipType_3,81,2
HomeOwnershipType_4,12,2
HomeOwnershipType_5,17,2
HomeOwnershipType_6,7,2
HomeOwnershipType_7,19,2
HomeOwnershipType_8,118,2
HomeOwnershipType_9,26,2
HomeOwnershipType_10,17,2
UserName_default_True,62,2
LoanApplicationStartedDate_YEAR_2010,0,2
LoanApplicationStartedDate_YEAR_2011,0,2
LoanApplicationStartedDate_YEAR_2012,0,2
LoanApplicationStartedDate_YEAR_2013,2,2
LoanApplicationStartedDate_YEAR_2014,32,2
LoanApplicationStartedDate_YEAR_2015,29,2
LoanApplicationStartedDate_YEAR_2016,34,2
LoanApplicationStartedDate_YEAR_2017,37,2
LoanApplicationStartedDate_YEAR_2018,25,2
LoanApplicationStartedDate_YEAR_2019,41,2
LoanApplicationStartedDate_YEAR_2020,25,2
LoanApplicationStartedDate_YEAR_2021,40,2
LoanApplicationStartedDate_MOY_2,4,2
LoanApplicationStartedDate_MOY_3,9,2
LoanApplicationStartedDate_MOY_4,15,2
LoanApplicationStartedDate_MOY_5,12,2
LoanApplicationStartedDate_MOY_6,8,2
LoanApplicationStartedDate_MOY_7,12,2
LoanApplicationStartedDate_MOY_8,12,2
LoanApplicationStartedDate_MOY_9,17,2
LoanApplicationStartedDate_MOY_10,17,2
LoanApplicationStartedDate_MOY_11,17,2
LoanApplicationStartedDate_MOY_12,8,2
LoanApplicationStartedDate_DOW_1,40,2
LoanApplicationStartedDate_DOW_2,24,2
LoanApplicationStartedDate_DOW_3,36,2
LoanApplicationStartedDate_DOW_4,27,2
LoanApplicationStartedDate_DOW_5,13,2
LoanApplicationStartedDate_DOW_6,27,2
LoanDate_YEAR_2010,0,2
LoanDate_YEAR_2011,0,2
LoanDate_YEAR_2012,0,2
LoanDate_YEAR_2013,1,2
LoanDate_YEAR_2014,12,2
LoanDate_YEAR_2015,22,2
LoanDate_YEAR_2016,19,2
LoanDate_YEAR_2017,17,2
LoanDate_YEAR_2018,13,2
LoanDate_YEAR_2019,26,2
LoanDate_YEAR_2020,11,2
LoanDate_YEAR_2021,13,2
LoanDate_MOY_2,8,2
LoanDate_MOY_3,17,2
LoanDate_MOY_4,17,2
LoanDate_MOY_5,12,2
LoanDate_MOY_6,16,2
LoanDate_MOY_7,10,2
LoanDate_MOY_8,17,2
LoanDate_MOY_9,8,2
LoanDate_MOY_10,7,2
LoanDate_MOY_11,24,2
LoanDate_MOY_12,15,2
LoanDate_DOW_1,23,2
LoanDate_DOW_2,23,2
LoanDate_DOW_3,29,2
LoanDate_DOW_4,25,2
LoanDate_DOW_5,14,2
LoanDate_DOW_6,20,2
FirstPaymentDate_YEAR_2010,0,2
FirstPaymentDate_YEAR_2011,0,2
FirstPaymentDate_YEAR_2012,0,2
FirstPaymentDate_YEAR_2013,4,2
FirstPaymentDate_YEAR_2014,21,2
FirstPaymentDate_YEAR_2015,67,2
FirstPaymentDate_YEAR_2016,31,2
FirstPaymentDate_YEAR_2017,39,2
FirstPaymentDate_YEAR_2018,37,2
FirstPaymentDate_YEAR_2019,31,2
FirstPaymentDate_YEAR_2020,33,2
FirstPaymentDate_YEAR_2021,48,2
FirstPaymentDate_MOY_2,18,2
FirstPaymentDate_MOY_3,19,2
FirstPaymentDate_MOY_4,14,2
FirstPaymentDate_MOY_5,4,2
FirstPaymentDate_MOY_6,11,2
FirstPaymentDate_MOY_7,31,2
FirstPaymentDate_MOY_8,16,2
FirstPaymentDate_MOY_9,10,2
FirstPaymentDate_MOY_10,12,2
FirstPaymentDate_MOY_11,19,2
FirstPaymentDate_MOY_12,27,2
FirstPaymentDate_DOW_1,33,2
FirstPaymentDate_DOW_2,17,2
FirstPaymentDate_DOW_3,32,2
FirstPaymentDate_DOW_4,29,2
MaturityDate_Original_YEAR_2010,0,2
MaturityDate_Original_YEAR_2011,0,2
MaturityDate_Original_YEAR_2012,0,2
MaturityDate_Original_YEAR_2013,0,2
MaturityDate_Original_YEAR_2014,0,2
MaturityDate_Original_YEAR_2015,7,2
MaturityDate_Original_YEAR_2016,11,2
MaturityDate_Original_YEAR_2017,37,2
MaturityDate_Original_YEAR_2018,33,2
MaturityDate_Original_YEAR_2019,45,2
MaturityDate_Original_YEAR_2020,89,2
MaturityDate_Original_YEAR_2021,55,2
MaturityDate_Original_YEAR_2022,51,2
MaturityDate_Original_YEAR_2023,15,2
MaturityDate_Original_YEAR_2024,32,2
MaturityDate_Original_YEAR_2025,13,2
MaturityDate_Original_YEAR_2026,3,2
MaturityDate_Original_MOY_2,13,2
MaturityDate_Original_MOY_3,13,2
MaturityDate_Original_MOY_4,14,2
MaturityDate_Original_MOY_5,14,2
MaturityDate_Original_MOY_6,13,2
MaturityDate_Original_MOY_7,15,2
MaturityDate_Original_MOY_8,18,2
MaturityDate_Original_MOY_9,17,2
MaturityDate_Original_MOY_10,16,2
MaturityDate_Original_MOY_11,14,2
MaturityDate_Original_MOY_12,23,2
MaturityDate_Original_DOW_1,22,2
MaturityDate_Original_DOW_2,27,2
MaturityDate_Original_DOW_3,24,2
MaturityDate_Original_DOW_4,32,2
Age,1204,3
AppliedAmount,816,3
Amount,728,3
Interest,1454,3
LoanDuration,634,3
MonthlyPayment,1208,3
IncomeFromPrincipalEmployer,619,3
IncomeFromPension,118,3
IncomeFromFamilyAllowance,146,3
IncomeFromSocialWelfare,63,3
IncomeFromLeavePay,75,3
IncomeFromChildSupport,50,3
IncomeOther,111,3
IncomeTotal,1375,3
ExistingLiabilities,656,3
LiabilitiesTotal,1296,3
RefinanceLiabilities,127,3
DebtToIncome,657,3
FreeCash,650,3
MonthlyPaymentDay,1072,3
NoOfPreviousLoansBeforeLoan,401,3
AmountOfPreviousLoansBeforeLoan,1001,3
NewCreditCustomer_True,99,3
VerificationType_2,3,3
VerificationType_3,59,3
VerificationType_4,192,3
ApplicationSignedHour_1,2,3
ApplicationSignedHour_2,9,3
ApplicationSignedHour_3,3,3
ApplicationSignedHour_4,1,3
ApplicationSignedHour_5,23,3
ApplicationSignedHour_6,16,3
ApplicationSignedHour_7,21,3
ApplicationSignedHour_8,9,3
ApplicationSignedHour_9,28,3
ApplicationSignedHour_10,40,3
ApplicationSignedHour_11,28,3
ApplicationSignedHour_12,25,3
ApplicationSignedHour_13,31,3
ApplicationSignedHour_14,22,3
ApplicationSignedHour_15,26,3
ApplicationSignedHour_16,33,3
ApplicationSignedHour_17,28,3
ApplicationSignedHour_18,26,3
ApplicationSignedHour_19,18,3
ApplicationSignedHour_20,16,3
ApplicationSignedHour_21,23,3
ApplicationSignedHour_22,24,3
ApplicationSignedHour_23,5,3
ApplicationSignedWeekday_2,53,3
ApplicationSignedWeekday_3,27,3
ApplicationSignedWeekday_4,42,3
ApplicationSignedWeekday_5,44,3
ApplicationSignedWeekday_6,46,3
ApplicationSignedWeekday_7,15,3
LanguageCode_2,30,3
LanguageCode_3,103,3
LanguageCode_4,130,3
LanguageCode_5,0,3
LanguageCode_6,86,3
LanguageCode_7,0,3
LanguageCode_9,16,3
LanguageCode_10,0,3
LanguageCode_13,0,3
LanguageCode_15,0,3
LanguageCode_21,0,3
LanguageCode_22,0,3
Gender_1,145,3
Gender_2,28,3
Country_ES,197,3
Country_FI,138,3
Country_SK,34,3
UseOfLoan_0,41,3
UseOfLoan_1,16,3
UseOfLoan_2,87,3
UseOfLoan_3,16,3
UseOfLoan_4,25,3
UseOfLoan_5,20,3
UseOfLoan_6,22,3
UseOfLoan_7,41,3
UseOfLoan_8,13,3
Education_1,52,3
Education_2,34,3
Education_3,71,3
Education_4,178,3
Education_5,226,3
MaritalStatus_1,64,3
MaritalStatus_2,56,3
MaritalStatus_3,68,3
MaritalStatus_4,34,3
MaritalStatus_5,3,3
EmploymentStatus_0,0,3
EmploymentStatus_2,6,3
EmploymentStatus_3,45,3
EmploymentStatus_4,22,3
EmploymentStatus_5,36,3
EmploymentStatus_6,3,3
EmploymentDurationCurrentEmployer_Other,13,3
EmploymentDurationCurrentEmployer_Retiree,14,3
EmploymentDurationCurrentEmployer_TrialPeriod,15,3
EmploymentDurationCurrentEmployer_UpTo1Year,89,3
EmploymentDurationCurrentEmployer_UpTo2Years,41,3
EmploymentDurationCurrentEmployer_UpTo3Years,33,3
EmploymentDurationCurrentEmployer_UpTo4Years,17,3
EmploymentDurationCurrentEmployer_UpTo5Years,83,3
OccupationArea_0,0,3
OccupationArea_1,50,3
OccupationArea_2,0,3
OccupationArea_3,36,3
OccupationArea_4,3,3
OccupationArea_5,9,3
OccupationArea_6,13,3
OccupationArea_7,24,3
OccupationArea_8,34,3
OccupationArea_9,18,3
OccupationArea_10,27,3
OccupationArea_11,13,3
OccupationArea_12,18,3
OccupationArea_13,13,3
OccupationArea_14,7,3
OccupationArea_15,32,3
OccupationArea_16,27,3
OccupationArea_17,14,3
OccupationArea_18,18,3
OccupationArea_19,23,3
HomeOwnershipType_0,0,3
HomeOwnershipType_1,216,3
HomeOwnershipType_2,86,3
HomeOwnershipType_3,105,3
HomeOwnershipType_4,27,3
HomeOwnershipType_5,24,3
HomeOwnershipType_6,15,3
HomeOwnershipType_7,23,3
HomeOwnershipType_8,135,3
HomeOwnershipType_9,39,3
HomeOwnershipType_10,26,3
UserName_default_True,76,3
LoanApplicationStartedDate_YEAR_2010,0,3
LoanApplicationStartedDate_YEAR_2011,0,3
LoanApplicationStartedDate_YEAR_2012,0,3
LoanApplicationStartedDate_YEAR_2013,3,3
LoanApplicationStartedDate_YEAR_2014,40,3
LoanApplicationStartedDate_YEAR_2015,31,3
LoanApplicationStartedDate_YEAR_2016,32,3
LoanApplicationStartedDate_YEAR_2017,63,3
LoanApplicationStartedDate_YEAR_2018,38,3
LoanApplicationStartedDate_YEAR_2019,66,3
LoanApplicationStartedDate_YEAR_2020,30,3
LoanApplicationStartedDate_YEAR_2021,49,3
LoanApplicationStartedDate_MOY_2,20,3
LoanApplicationStartedDate_MOY_3,18,3
LoanApplicationStartedDate_MOY_4,25,3
LoanApplicationStartedDate_MOY_5,14,3
LoanApplicationStartedDate_MOY_6,11,3
LoanApplicationStartedDate_MOY_7,24,3
LoanApplicationStartedDate_MOY_8,15,3
LoanApplicationStartedDate_MOY_9,19,3
LoanApplicationStartedDate_MOY_10,21,3
LoanApplicationStartedDate_MOY_11,22,3
LoanApplicationStartedDate_MOY_12,12,3
LoanApplicationStartedDate_DOW_1,53,3
LoanApplicationStartedDate_DOW_2,33,3
LoanApplicationStartedDate_DOW_3,44,3
LoanApplicationStartedDate_DOW_4,31,3
LoanApplicationStartedDate_DOW_5,25,3
LoanApplicationStartedDate_DOW_6,34,3
LoanDate_YEAR_2010,0,3
LoanDate_YEAR_2011,0,3
LoanDate_YEAR_2012,0,3
LoanDate_YEAR_2013,1,3
LoanDate_YEAR_2014,21,3
LoanDate_YEAR_2015,31,3
LoanDate_YEAR_2016,20,3
LoanDate_YEAR_2017,30,3
LoanDate_YEAR_2018,16,3
LoanDate_YEAR_2019,29,3
LoanDate_YEAR_2020,15,3
LoanDate_YEAR_2021,20,3
LoanDate_MOY_2,18,3
LoanDate_MOY_3,15,3
LoanDate_MOY_4,19,3
LoanDate_MOY_5,16,3
LoanDate_MOY_6,16,3
LoanDate_MOY_7,20,3
LoanDate_MOY_8,17,3
LoanDate_MOY_9,17,3
LoanDate_MOY_10,20,3
LoanDate_MOY_11,22,3
LoanDate_MOY_12,15,3
LoanDate_DOW_1,50,3
LoanDate_DOW_2,42,3
LoanDate_DOW_3,56,3
LoanDate_DOW_4,34,3
LoanDate_DOW_5,23,3
LoanDate_DOW_6,19,3
FirstPaymentDate_YEAR_2010,0,3
FirstPaymentDate_YEAR_2011,0,3
FirstPaymentDate_YEAR_2012,0,3
FirstPaymentDate_YEAR_2013,10,3
FirstPaymentDate_YEAR_2014,26,3
FirstPaymentDate_YEAR_2015,61,3
FirstPaymentDate_YEAR_2016,37,3
FirstPaymentDate_YEAR_2017,66,3
FirstPaymentDate_YEAR_2018,40,3
FirstPaymentDate_YEAR_2019,52,3
FirstPaymentDate_YEAR_2020,48,3
FirstPaymentDate_YEAR_2021,51,3
FirstPaymentDate_MOY_2,26,3
FirstPaymentDate_MOY_3,22,3
FirstPaymentDate_MOY_4,16,3
FirstPaymentDate_MOY_5,21,3
FirstPaymentDate_MOY_6,19,3
FirstPaymentDate_MOY_7,45,3
FirstPaymentDate_MOY_8,22,3
FirstPaymentDate_MOY_9,12,3
FirstPaymentDate_MOY_10,24,3
FirstPaymentDate_MOY_11,13,3
FirstPaymentDate_MOY_12,22,3
FirstPaymentDate_DOW_1,32,3
FirstPaymentDate_DOW_2,33,3
FirstPaymentDate_DOW_3,54,3
FirstPaymentDate_DOW_4,34,3
MaturityDate_Original_YEAR_2010,0,3
MaturityDate_Original_YEAR_2011,0,3
MaturityDate_Original_YEAR_2012,0,3
MaturityDate_Original_YEAR_2013,0,3
MaturityDate_Original_YEAR_2014,0,3
MaturityDate_Original_YEAR_2015,10,3
MaturityDate_Original_YEAR_2016,8,3
MaturityDate_Original_YEAR_2017,57,3
MaturityDate_Original_YEAR_2018,47,3
MaturityDate_Original_YEAR_2019,59,3
MaturityDate_Original_YEAR_2020,110,3
MaturityDate_Original_YEAR_2021,58,3
MaturityDate_Original_YEAR_2022,68,3
MaturityDate_Original_YEAR_2023,26,3
MaturityDate_Original_YEAR_2024,40,3
MaturityDate_Original_YEAR_2025,18,3
MaturityDate_Original_YEAR_2026,7,3
MaturityDate_Original_MOY_2,21,3
MaturityDate_Original_MOY_3,22,3
MaturityDate_Original_MOY_4,19,3
MaturityDate_Original_MOY_5,16,3
MaturityDate_Original_MOY_6,21,3
MaturityDate_Original_MOY_7,23,3
MaturityDate_Original_MOY_8,20,3
MaturityDate_Original_MOY_9,27,3
MaturityDate_Original_MOY_10,30,3
MaturityDate_Original_MOY_11,22,3
MaturityDate_Original_MOY_12,32,3
MaturityDate_Original_DOW_1,35,3
MaturityDate_Original_DOW_2,43,3
MaturityDate_Original_DOW_3,51,3
MaturityDate_Original_DOW_4,19,3
Age,2154,4
AppliedAmount,1389,4
Amount,1252,4
Interest,2495,4
LoanDuration,895,4
MonthlyPayment,1969,4
IncomeFromPrincipalEmployer,904,4
IncomeFromPension,228,4
IncomeFromFamilyAllowance,300,4
IncomeFromSocialWelfare,117,4
IncomeFromLeavePay,93,4
IncomeFromChildSupport,83,4
IncomeOther,213,4
IncomeTotal,2378,4
ExistingLiabilities,1087,4
LiabilitiesTotal,2168,4
RefinanceLiabilities,180,4
DebtToIncome,1083,4
FreeCash,1121,4
MonthlyPaymentDay,1773,4
NoOfPreviousLoansBeforeLoan,650,4
AmountOfPreviousLoansBeforeLoan,1655,4
NewCreditCustomer_True,190,4
VerificationType_2,0,4
VerificationType_3,83,4
VerificationType_4,289,4
ApplicationSignedHour_1,12,4
ApplicationSignedHour_2,15,4
ApplicationSignedHour_3,9,4
ApplicationSignedHour_4,5,4
ApplicationSignedHour_5,27,4
ApplicationSignedHour_6,33,4
ApplicationSignedHour_7,29,4
ApplicationSignedHour_8,29,4
ApplicationSignedHour_9,46,4
ApplicationSignedHour_10,56,4
ApplicationSignedHour_11,54,4
ApplicationSignedHour_12,52,4
ApplicationSignedHour_13,74,4
ApplicationSignedHour_14,63,4
ApplicationSignedHour_15,64,4
ApplicationSignedHour_16,51,4
ApplicationSignedHour_17,51,4
ApplicationSignedHour_18,50,4
ApplicationSignedHour_19,40,4
ApplicationSignedHour_20,30,4
ApplicationSignedHour_21,38,4
ApplicationSignedHour_22,33,4
ApplicationSignedHour_23,22,4
ApplicationSignedWeekday_2,114,4
ApplicationSignedWeekday_3,68,4
ApplicationSignedWeekday_4,75,4
ApplicationSignedWeekday_5,90,4
ApplicationSignedWeekday_6,68,4
ApplicationSignedWeekday_7,30,4
LanguageCode_2,37,4
LanguageCode_3,165,4
LanguageCode_4,171,4
LanguageCode_5,0,4
LanguageCode_6,129,4
LanguageCode_7,0,4
LanguageCode_9,22,4
LanguageCode_10,0,4
LanguageCode_13,0,4
LanguageCode_15,0,4
LanguageCode_21,0,4
LanguageCode_22,0,4
Gender_1,263,4
Gender_2,43,4
Country_ES,230,4
Country_FI,176,4
Country_SK,31,4
UseOfLoan_0,65,4
UseOfLoan_1,42,4
UseOfLoan_2,108,4
UseOfLoan_3,30,4
UseOfLoan_4,40,4
UseOfLoan_5,38,4
UseOfLoan_6,48,4
UseOfLoan_7,53,4
UseOfLoan_8,20,4
Education_1,69,4
Education_2,62,4
Education_3,147,4
Education_4,280,4
Education_5,308,4
MaritalStatus_1,107,4
MaritalStatus_2,95,4
MaritalStatus_3,96,4
MaritalStatus_4,53,4
MaritalStatus_5,9,4
EmploymentStatus_0,0,4
EmploymentStatus_2,15,4
EmploymentStatus_3,75,4
EmploymentStatus_4,28,4
EmploymentStatus_5,49,4
EmploymentStatus_6,3,4
EmploymentDurationCurrentEmployer_Other,24,4
EmploymentDurationCurrentEmployer_Retiree,33,4
EmploymentDurationCurrentEmployer_TrialPeriod,21,4
EmploymentDurationCurrentEmployer_UpTo1Year,176,4
EmploymentDurationCurrentEmployer_UpTo2Years,70,4
EmploymentDurationCurrentEmployer_UpTo3Years,73,4
EmploymentDurationCurrentEmployer_UpTo4Years,26,4
EmploymentDurationCurrentEmployer_UpTo5Years,187,4
OccupationArea_0,0,4
OccupationArea_1,79,4
OccupationArea_2,0,4
OccupationArea_3,49,4
OccupationArea_4,9,4
OccupationArea_5,11,4
OccupationArea_6,33,4
OccupationArea_7,41,4
OccupationArea_8,45,4
OccupationArea_9,39,4
OccupationArea_10,41,4
OccupationArea_11,25,4
OccupationArea_12,30,4
OccupationArea_13,25,4
OccupationArea_14,8,4
OccupationArea_15,47,4
OccupationArea_16,29,4
OccupationArea_17,32,4
OccupationArea_18,14,4
OccupationArea_19,15,4
HomeOwnershipType_0,0,4
HomeOwnershipType_1,357,4
HomeOwnershipType_2,143,4
HomeOwnershipType_3,153,4
HomeOwnershipType_4,46,4
HomeOwnershipType_5,30,4
HomeOwnershipType_6,25,4
HomeOwnershipType_7,40,4
HomeOwnershipType_8,201,4
HomeOwnershipType_9,58,4
HomeOwnershipType_10,57,4
UserName_default_True,112,4
LoanApplicationStartedDate_YEAR_2010,0,4
LoanApplicationStartedDate_YEAR_2011,0,4
LoanApplicationStartedDate_YEAR_2012,0,4
LoanApplicationStartedDate_YEAR_2013,5,4
LoanApplicationStartedDate_YEAR_2014,51,4
LoanApplicationStartedDate_YEAR_2015,66,4
LoanApplicationStartedDate_YEAR_2016,56,4
LoanApplicationStartedDate_YEAR_2017,86,4
LoanApplicationStartedDate_YEAR_2018,91,4
LoanApplicationStartedDate_YEAR_2019,110,4
LoanApplicationStartedDate_YEAR_2020,58,4
LoanApplicationStartedDate_YEAR_2021,73,4
LoanApplicationStartedDate_MOY_2,33,4
LoanApplicationStartedDate_MOY_3,30,4
LoanApplicationStartedDate_MOY_4,38,4
LoanApplicationStartedDate_MOY_5,22,4
LoanApplicationStartedDate_MOY_6,36,4
LoanApplicationStartedDate_MOY_7,19,4
LoanApplicationStartedDate_MOY_8,32,4
LoanApplicationStartedDate_MOY_9,31,4
LoanApplicationStartedDate_MOY_10,39,4
LoanApplicationStartedDate_MOY_11,38,4
LoanApplicationStartedDate_MOY_12,33,4
LoanApplicationStartedDate_DOW_1,92,4
LoanApplicationStartedDate_DOW_2,92,4
LoanApplicationStartedDate_DOW_3,73,4
LoanApplicationStartedDate_DOW_4,75,4
LoanApplicationStartedDate_DOW_5,37,4
LoanApplicationStartedDate_DOW_6,56,4
LoanDate_YEAR_2010,0,4
LoanDate_YEAR_2011,0,4
LoanDate_YEAR_2012,0,4
LoanDate_YEAR_2013,1,4
LoanDate_YEAR_2014,38,4
LoanDate_YEAR_2015,42,4
LoanDate_YEAR_2016,37,4
LoanDate_YEAR_2017,47,4
LoanDate_YEAR_2018,30,4
LoanDate_YEAR_2019,32,4
LoanDate_YEAR_2020,21,4
LoanDate_YEAR_2021,22,4
LoanDate_MOY_2,36,4
LoanDate_MOY_3,37,4
LoanDate_MOY_4,28,4
LoanDate_MOY_5,28,4
LoanDate_MOY_6,24,4
LoanDate_MOY_7,27,4
LoanDate_MOY_8,26,4
LoanDate_MOY_9,41,4
LoanDate_MOY_10,34,4
LoanDate_MOY_11,41,4
LoanDate_MOY_12,46,4
LoanDate_DOW_1,76,4
LoanDate_DOW_2,93,4
LoanDate_DOW_3,88,4
LoanDate_DOW_4,73,4
LoanDate_DOW_5,32,4
LoanDate_DOW_6,40,4
FirstPaymentDate_YEAR_2010,0,4
FirstPaymentDate_YEAR_2011,0,4
FirstPaymentDate_YEAR_2012,0,4
FirstPaymentDate_YEAR_2013,12,4
FirstPaymentDate_YEAR_2014,44,4
FirstPaymentDate_YEAR_2015,92,4
FirstPaymentDate_YEAR_2016,82,4
FirstPaymentDate_YEAR_2017,90,4
FirstPaymentDate_YEAR_2018,70,4
FirstPaymentDate_YEAR_2019,88,4
FirstPaymentDate_YEAR_2020,75,4
FirstPaymentDate_YEAR_2021,65,4
FirstPaymentDate_MOY_2,54,4
FirstPaymentDate_MOY_3,35,4
FirstPaymentDate_MOY_4,37,4
FirstPaymentDate_MOY_5,34,4
FirstPaymentDate_MOY_6,28,4
FirstPaymentDate_MOY_7,61,4
FirstPaymentDate_MOY_8,29,4
FirstPaymentDate_MOY_9,35,4
FirstPaymentDate_MOY_10,41,4
FirstPaymentDate_MOY_11,33,4
FirstPaymentDate_MOY_12,53,4
FirstPaymentDate_DOW_1,88,4
FirstPaymentDate_DOW_2,75,4
FirstPaymentDate_DOW_3,86,4
FirstPaymentDate_DOW_4,84,4
MaturityDate_Original_YEAR_2010,0,4
MaturityDate_Original_YEAR_2011,0,4
MaturityDate_Original_YEAR_2012,0,4
MaturityDate_Original_YEAR_2013,0,4
MaturityDate_Original_YEAR_2014,0,4
MaturityDate_Original_YEAR_2015,11,4
MaturityDate_Original_YEAR_2016,24,4
MaturityDate_Original_YEAR_2017,63,4
MaturityDate_Original_YEAR_2018,62,4
MaturityDate_Original_YEAR_2019,95,4
MaturityDate_Original_YEAR_2020,177,4
MaturityDate_Original_YEAR_2021,112,4
MaturityDate_Original_YEAR_2022,93,4
MaturityDate_Original_YEAR_2023,47,4
MaturityDate_Original_YEAR_2024,58,4
MaturityDate_Original_YEAR_2025,24,4
MaturityDate_Original_YEAR_2026,14,4
MaturityDate_Original_MOY_2,27,4
MaturityDate_Original_MOY_3,24,4
MaturityDate_Original_MOY_4,34,4
MaturityDate_Original_MOY_5,34,4
MaturityDate_Original_MOY_6,33,4
MaturityDate_Original_MOY_7,40,4
MaturityDate_Original_MOY_8,24,4
MaturityDate_Original_MOY_9,32,4
MaturityDate_Original_MOY_10,39,4
MaturityDate_Original_MOY_11,41,4
MaturityDate_Original_MOY_12,60,4
MaturityDate_Original_DOW_1,78,4
MaturityDate_Original_DOW_2,85,4
MaturityDate_Original_DOW_3,92,4
MaturityDate_Original_DOW_4,56,4
Age,2253,5
AppliedAmount,1307,5
Amount,1234,5
Interest,2445,5
LoanDuration,1005,5
MonthlyPayment,2084,5
IncomeFromPrincipalEmployer,935,5
IncomeFromPension,224,5
IncomeFromFamilyAllowance,322,5
IncomeFromSocialWelfare,118,5
IncomeFromLeavePay,92,5
IncomeFromChildSupport,88,5
IncomeOther,202,5
IncomeTotal,2364,5
ExistingLiabilities,1082,5
LiabilitiesTotal,2253,5
RefinanceLiabilities,191,5
DebtToIncome,1022,5
FreeCash,1132,5
MonthlyPaymentDay,1861,5
NoOfPreviousLoansBeforeLoan,676,5
AmountOfPreviousLoansBeforeLoan,1649,5
NewCreditCustomer_True,181,5
VerificationType_2,0,5
VerificationType_3,82,5
VerificationType_4,300,5
ApplicationSignedHour_1,3,5
ApplicationSignedHour_2,13,5
ApplicationSignedHour_3,9,5
ApplicationSignedHour_4,1,5
ApplicationSignedHour_5,31,5
ApplicationSignedHour_6,22,5
ApplicationSignedHour_7,38,5
ApplicationSignedHour_8,34,5
ApplicationSignedHour_9,24,5
ApplicationSignedHour_10,48,5
ApplicationSignedHour_11,43,5
ApplicationSignedHour_12,62,5
ApplicationSignedHour_13,66,5
ApplicationSignedHour_14,58,5
ApplicationSignedHour_15,46,5
ApplicationSignedHour_16,59,5
ApplicationSignedHour_17,55,5
ApplicationSignedHour_18,58,5
ApplicationSignedHour_19,37,5
ApplicationSignedHour_20,35,5
ApplicationSignedHour_21,35,5
ApplicationSignedHour_22,39,5
ApplicationSignedHour_23,21,5
ApplicationSignedWeekday_2,104,5
ApplicationSignedWeekday_3,72,5
ApplicationSignedWeekday_4,78,5
ApplicationSignedWeekday_5,72,5
ApplicationSignedWeekday_6,63,5
ApplicationSignedWeekday_7,23,5
LanguageCode_2,34,5
LanguageCode_3,156,5
LanguageCode_4,179,5
LanguageCode_5,0,5
LanguageCode_6,141,5
LanguageCode_7,0,5
LanguageCode_9,17,5
LanguageCode_10,0,5
LanguageCode_13,0,5
LanguageCode_15,0,5
LanguageCode_21,0,5
LanguageCode_22,0,5
Gender_1,249,5
Gender_2,50,5
Country_ES,225,5
Country_FI,187,5
Country_SK,39,5
UseOfLoan_0,63,5
UseOfLoan_1,33,5
UseOfLoan_2,103,5
UseOfLoan_3,19,5
UseOfLoan_4,45,5
UseOfLoan_5,27,5
UseOfLoan_6,44,5
UseOfLoan_7,70,5
UseOfLoan_8,16,5
Education_1,69,5
Education_2,54,5
Education_3,134,5
Education_4,303,5
Education_5,287,5
MaritalStatus_1,107,5
MaritalStatus_2,90,5
MaritalStatus_3,97,5
MaritalStatus_4,59,5
MaritalStatus_5,4,5
EmploymentStatus_0,0,5
EmploymentStatus_2,19,5
EmploymentStatus_3,70,5
EmploymentStatus_4,27,5
EmploymentStatus_5,55,5
EmploymentStatus_6,10,5
EmploymentDurationCurrentEmployer_Other,26,5
EmploymentDurationCurrentEmployer_Retiree,26,5
EmploymentDurationCurrentEmployer_TrialPeriod,27,5
EmploymentDurationCurrentEmployer_UpTo1Year,145,5
EmploymentDurationCurrentEmployer_UpTo2Years,61,5
EmploymentDurationCurrentEmployer_UpTo3Years,59,5
EmploymentDurationCurrentEmployer_UpTo4Years,33,5
EmploymentDurationCurrentEmployer_UpTo5Years,174,5
OccupationArea_0,0,5
OccupationArea_1,79,5
OccupationArea_2,0,5
OccupationArea_3,48,5
OccupationArea_4,5,5
OccupationArea_5,10,5
OccupationArea_6,40,5
OccupationArea_7,61,5
OccupationArea_8,31,5
OccupationArea_9,28,5
OccupationArea_10,42,5
OccupationArea_11,29,5
OccupationArea_12,26,5
OccupationArea_13,24,5
OccupationArea_14,12,5
OccupationArea_15,38,5
OccupationArea_16,33,5
OccupationArea_17,33,5
OccupationArea_18,18,5
OccupationArea_19,10,5
HomeOwnershipType_0,0,5
HomeOwnershipType_1,302,5
HomeOwnershipType_2,167,5
HomeOwnershipType_3,170,5
HomeOwnershipType_4,43,5
HomeOwnershipType_5,24,5
HomeOwnershipType_6,25,5
HomeOwnershipType_7,29,5
HomeOwnershipType_8,176,5
HomeOwnershipType_9,49,5
HomeOwnershipType_10,45,5
UserName_default_True,102,5
LoanApplicationStartedDate_YEAR_2010,0,5
LoanApplicationStartedDate_YEAR_2011,0,5
LoanApplicationStartedDate_YEAR_2012,0,5
LoanApplicationStartedDate_YEAR_2013,2,5
LoanApplicationStartedDate_YEAR_2014,54,5
LoanApplicationStartedDate_YEAR_2015,56,5
LoanApplicationStartedDate_YEAR_2016,56,5
LoanApplicationStartedDate_YEAR_2017,96,5
LoanApplicationStartedDate_YEAR_2018,59,5
LoanApplicationStartedDate_YEAR_2019,87,5
LoanApplicationStartedDate_YEAR_2020,59,5
LoanApplicationStartedDate_YEAR_2021,70,5
LoanApplicationStartedDate_MOY_2,40,5
LoanApplicationStartedDate_MOY_3,26,5
LoanApplicationStartedDate_MOY_4,37,5
LoanApplicationStartedDate_MOY_5,29,5
LoanApplicationStartedDate_MOY_6,24,5
LoanApplicationStartedDate_MOY_7,32,5
LoanApplicationStartedDate_MOY_8,29,5
LoanApplicationStartedDate_MOY_9,37,5
LoanApplicationStartedDate_MOY_10,47,5
LoanApplicationStartedDate_MOY_11,47,5
LoanApplicationStartedDate_MOY_12,35,5
LoanApplicationStartedDate_DOW_1,85,5
LoanApplicationStartedDate_DOW_2,80,5
LoanApplicationStartedDate_DOW_3,93,5
LoanApplicationStartedDate_DOW_4,89,5
LoanApplicationStartedDate_DOW_5,36,5
LoanApplicationStartedDate_DOW_6,76,5
LoanDate_YEAR_2010,0,5
LoanDate_YEAR_2011,0,5
LoanDate_YEAR_2012,0,5
LoanDate_YEAR_2013,6,5
LoanDate_YEAR_2014,28,5
LoanDate_YEAR_2015,54,5
LoanDate_YEAR_2016,46,5
LoanDate_YEAR_2017,49,5
LoanDate_YEAR_2018,43,5
LoanDate_YEAR_2019,39,5
LoanDate_YEAR_2020,26,5
LoanDate_YEAR_2021,27,5
LoanDate_MOY_2,27,5
LoanDate_MOY_3,46,5
LoanDate_MOY_4,36,5
LoanDate_MOY_5,22,5
LoanDate_MOY_6,21,5
LoanDate_MOY_7,25,5
LoanDate_MOY_8,32,5
LoanDate_MOY_9,24,5
LoanDate_MOY_10,37,5
LoanDate_MOY_11,47,5
LoanDate_MOY_12,33,5
LoanDate_DOW_1,87,5
LoanDate_DOW_2,73,5
LoanDate_DOW_3,79,5
LoanDate_DOW_4,65,5
LoanDate_DOW_5,35,5
LoanDate_DOW_6,44,5
FirstPaymentDate_YEAR_2010,0,5
FirstPaymentDate_YEAR_2011,0,5
FirstPaymentDate_YEAR_2012,0,5
FirstPaymentDate_YEAR_2013,15,5
FirstPaymentDate_YEAR_2014,34,5
FirstPaymentDate_YEAR_2015,86,5
FirstPaymentDate_YEAR_2016,77,5
FirstPaymentDate_YEAR_2017,76,5
FirstPaymentDate_YEAR_2018,96,5
FirstPaymentDate_YEAR_2019,85,5
FirstPaymentDate_YEAR_2020,72,5
FirstPaymentDate_YEAR_2021,45,5
FirstPaymentDate_MOY_2,46,5
FirstPaymentDate_MOY_3,30,5
FirstPaymentDate_MOY_4,38,5
FirstPaymentDate_MOY_5,25,5
FirstPaymentDate_MOY_6,31,5
FirstPaymentDate_MOY_7,62,5
FirstPaymentDate_MOY_8,33,5
FirstPaymentDate_MOY_9,31,5
FirstPaymentDate_MOY_10,28,5
FirstPaymentDate_MOY_11,55,5
FirstPaymentDate_MOY_12,45,5
FirstPaymentDate_DOW_1,88,5
FirstPaymentDate_DOW_2,84,5
FirstPaymentDate_DOW_3,95,5
FirstPaymentDate_DOW_4,94,5
MaturityDate_Original_YEAR_2010,0,5
MaturityDate_Original_YEAR_2011,0,5
MaturityDate_Original_YEAR_2012,0,5
MaturityDate_Original_YEAR_2013,0,5
MaturityDate_Original_YEAR_2014,0,5
MaturityDate_Original_YEAR_2015,17,5
MaturityDate_Original_YEAR_2016,23,5
MaturityDate_Original_YEAR_2017,54,5
MaturityDate_Original_YEAR_2018,59,5
MaturityDate_Original_YEAR_2019,92,5
MaturityDate_Original_YEAR_2020,179,5
MaturityDate_Original_YEAR_2021,104,5
MaturityDate_Original_YEAR_2022,114,5
MaturityDate_Original_YEAR_2023,49,5
MaturityDate_Original_YEAR_2024,64,5
MaturityDate_Original_YEAR_2025,18,5
MaturityDate_Original_YEAR_2026,14,5
MaturityDate_Original_MOY_2,39,5
MaturityDate_Original_MOY_3,32,5
MaturityDate_Original_MOY_4,32,5
MaturityDate_Original_MOY_5,25,5
MaturityDate_Original_MOY_6,39,5
MaturityDate_Original_MOY_7,25,5
MaturityDate_Original_MOY_8,36,5
MaturityDate_Original_MOY_9,35,5
MaturityDate_Original_MOY_10,40,5
MaturityDate_Original_MOY_11,35,5
MaturityDate_Original_MOY_12,62,5
MaturityDate_Original_DOW_1,82,5
MaturityDate_Original_DOW_2,93,5
MaturityDate_Original_DOW_3,104,5
MaturityDate_Original_DOW_4,98,5
Age,1190,6
AppliedAmount,750,6
Amount,691,6
Interest,1459,6
LoanDuration,616,6
MonthlyPayment,1097,6
IncomeFromPrincipalEmployer,574,6
IncomeFromPension,127,6
IncomeFromFamilyAllowance,143,6
IncomeFromSocialWelfare,76,6
IncomeFromLeavePay,54,6
IncomeFromChildSupport,56,6
IncomeOther,121,6
IncomeTotal,1343,6
ExistingLiabilities,676,6
LiabilitiesTotal,1322,6
RefinanceLiabilities,108,6
DebtToIncome,680,6
FreeCash,630,6
MonthlyPaymentDay,1032,6
NoOfPreviousLoansBeforeLoan,405,6
AmountOfPreviousLoansBeforeLoan,1006,6
NewCreditCustomer_True,102,6
VerificationType_2,1,6
VerificationType_3,47,6
VerificationType_4,164,6
ApplicationSignedHour_1,3,6
ApplicationSignedHour_2,11,6
ApplicationSignedHour_3,2,6
ApplicationSignedHour_4,1,6
ApplicationSignedHour_5,18,6
ApplicationSignedHour_6,19,6
ApplicationSignedHour_7,17,6
ApplicationSignedHour_8,16,6
ApplicationSignedHour_9,19,6
ApplicationSignedHour_10,23,6
ApplicationSignedHour_11,31,6
ApplicationSignedHour_12,30,6
ApplicationSignedHour_13,31,6
ApplicationSignedHour_14,28,6
ApplicationSignedHour_15,26,6
ApplicationSignedHour_16,42,6
ApplicationSignedHour_17,39,6
ApplicationSignedHour_18,24,6
ApplicationSignedHour_19,17,6
ApplicationSignedHour_20,23,6
ApplicationSignedHour_21,23,6
ApplicationSignedHour_22,21,6
ApplicationSignedHour_23,10,6
ApplicationSignedWeekday_2,52,6
ApplicationSignedWeekday_3,50,6
ApplicationSignedWeekday_4,37,6
ApplicationSignedWeekday_5,41,6
ApplicationSignedWeekday_6,47,6
ApplicationSignedWeekday_7,9,6
LanguageCode_2,26,6
LanguageCode_3,91,6
LanguageCode_4,126,6
LanguageCode_5,0,6
LanguageCode_6,92,6
LanguageCode_7,0,6
LanguageCode_9,16,6
LanguageCode_10,0,6
LanguageCode_13,0,6
LanguageCode_15,0,6
LanguageCode_21,0,6
LanguageCode_22,0,6
Gender_1,159,6
Gender_2,21,6
Country_ES,207,6
Country_FI,135,6
Country_SK,36,6
UseOfLoan_0,37,6
UseOfLoan_1,19,6
UseOfLoan_2,74,6
UseOfLoan_3,20,6
UseOfLoan_4,22,6
UseOfLoan_5,20,6
UseOfLoan_6,18,6
UseOfLoan_7,38,6
UseOfLoan_8,11,6
Education_1,52,6
Education_2,31,6
Education_3,69,6
Education_4,186,6
Education_5,217,6
MaritalStatus_1,66,6
MaritalStatus_2,51,6
MaritalStatus_3,74,6
MaritalStatus_4,31,6
MaritalStatus_5,1,6
EmploymentStatus_0,0,6
EmploymentStatus_2,14,6
EmploymentStatus_3,36,6
EmploymentStatus_4,13,6
EmploymentStatus_5,37,6
EmploymentStatus_6,4,6
EmploymentDurationCurrentEmployer_Other,8,6
EmploymentDurationCurrentEmployer_Retiree,21,6
EmploymentDurationCurrentEmployer_TrialPeriod,17,6
EmploymentDurationCurrentEmployer_UpTo1Year,66,6
EmploymentDurationCurrentEmployer_UpTo2Years,49,6
EmploymentDurationCurrentEmployer_UpTo3Years,37,6
EmploymentDurationCurrentEmployer_UpTo4Years,18,6
EmploymentDurationCurrentEmployer_UpTo5Years,88,6
OccupationArea_0,0,6
OccupationArea_1,48,6
OccupationArea_2,0,6
OccupationArea_3,35,6
OccupationArea_4,4,6
OccupationArea_5,12,6
OccupationArea_6,20,6
OccupationArea_7,25,6
OccupationArea_8,20,6
OccupationArea_9,22,6
OccupationArea_10,24,6
OccupationArea_11,17,6
OccupationArea_12,21,6
OccupationArea_13,16,6
OccupationArea_14,9,6
OccupationArea_15,35,6
OccupationArea_16,23,6
OccupationArea_17,15,6
OccupationArea_18,16,6
OccupationArea_19,7,6
HomeOwnershipType_0,0,6
HomeOwnershipType_1,215,6
HomeOwnershipType_2,87,6
HomeOwnershipType_3,90,6
HomeOwnershipType_4,20,6
HomeOwnershipType_5,17,6
HomeOwnershipType_6,15,6
HomeOwnershipType_7,34,6
HomeOwnershipType_8,134,6
HomeOwnershipType_9,37,6
HomeOwnershipType_10,20,6
UserName_default_True,71,6
LoanApplicationStartedDate_YEAR_2010,0,6
LoanApplicationStartedDate_YEAR_2011,0,6
LoanApplicationStartedDate_YEAR_2012,0,6
LoanApplicationStartedDate_YEAR_2013,1,6
LoanApplicationStartedDate_YEAR_2014,32,6
LoanApplicationStartedDate_YEAR_2015,40,6
LoanApplicationStartedDate_YEAR_2016,29,6
LoanApplicationStartedDate_YEAR_2017,54,6
LoanApplicationStartedDate_YEAR_2018,49,6
LoanApplicationStartedDate_YEAR_2019,62,6
LoanApplicationStartedDate_YEAR_2020,26,6
LoanApplicationStartedDate_YEAR_2021,51,6
LoanApplicationStartedDate_MOY_2,21,6
LoanApplicationStartedDate_MOY_3,16,6
LoanApplicationStartedDate_MOY_4,15,6
LoanApplicationStartedDate_MOY_5,9,6
LoanApplicationStartedDate_MOY_6,15,6
LoanApplicationStartedDate_MOY_7,19,6
LoanApplicationStartedDate_MOY_8,16,6
LoanApplicationStartedDate_MOY_9,16,6
LoanApplicationStartedDate_MOY_10,22,6
LoanApplicationStartedDate_MOY_11,23,6
LoanApplicationStartedDate_MOY_12,15,6
LoanApplicationStartedDate_DOW_1,44,6
LoanApplicationStartedDate_DOW_2,33,6
LoanApplicationStartedDate_DOW_3,44,6
LoanApplicationStartedDate_DOW_4,26,6
LoanApplicationStartedDate_DOW_5,23,6
LoanApplicationStartedDate_DOW_6,40,6
LoanDate_YEAR_2010,0,6
LoanDate_YEAR_2011,0,6
LoanDate_YEAR_2012,0,6
LoanDate_YEAR_2013,1,6
LoanDate_YEAR_2014,29,6
LoanDate_YEAR_2015,34,6
LoanDate_YEAR_2016,16,6
LoanDate_YEAR_2017,19,6
LoanDate_YEAR_2018,32,6
LoanDate_YEAR_2019,27,6
LoanDate_YEAR_2020,12,6
LoanDate_YEAR_2021,20,6
LoanDate_MOY_2,20,6
LoanDate_MOY_3,15,6
LoanDate_MOY_4,22,6
LoanDate_MOY_5,8,6
LoanDate_MOY_6,12,6
LoanDate_MOY_7,8,6
LoanDate_MOY_8,15,6
LoanDate_MOY_9,18,6
LoanDate_MOY_10,21,6
LoanDate_MOY_11,28,6
LoanDate_MOY_12,19,6
LoanDate_DOW_1,42,6
LoanDate_DOW_2,43,6
LoanDate_DOW_3,43,6
LoanDate_DOW_4,26,6
LoanDate_DOW_5,18,6
LoanDate_DOW_6,31,6
FirstPaymentDate_YEAR_2010,0,6
FirstPaymentDate_YEAR_2011,0,6
FirstPaymentDate_YEAR_2012,0,6
FirstPaymentDate_YEAR_2013,10,6
FirstPaymentDate_YEAR_2014,22,6
FirstPaymentDate_YEAR_2015,68,6
FirstPaymentDate_YEAR_2016,35,6
FirstPaymentDate_YEAR_2017,75,6
FirstPaymentDate_YEAR_2018,45,6
FirstPaymentDate_YEAR_2019,44,6
FirstPaymentDate_YEAR_2020,53,6
FirstPaymentDate_YEAR_2021,51,6
FirstPaymentDate_MOY_2,33,6
FirstPaymentDate_MOY_3,16,6
FirstPaymentDate_MOY_4,21,6
FirstPaymentDate_MOY_5,20,6
FirstPaymentDate_MOY_6,18,6
FirstPaymentDate_MOY_7,32,6
FirstPaymentDate_MOY_8,20,6
FirstPaymentDate_MOY_9,13,6
FirstPaymentDate_MOY_10,19,6
FirstPaymentDate_MOY_11,21,6
FirstPaymentDate_MOY_12,34,6
FirstPaymentDate_DOW_1,58,6
FirstPaymentDate_DOW_2,38,6
FirstPaymentDate_DOW_3,53,6
FirstPaymentDate_DOW_4,35,6
MaturityDate_Original_YEAR_2010,0,6
MaturityDate_Original_YEAR_2011,0,6
MaturityDate_Original_YEAR_2012,0,6
MaturityDate_Original_YEAR_2013,0,6
MaturityDate_Original_YEAR_2014,0,6
MaturityDate_Original_YEAR_2015,13,6
MaturityDate_Original_YEAR_2016,15,6
MaturityDate_Original_YEAR_2017,50,6
MaturityDate_Original_YEAR_2018,42,6
MaturityDate_Original_YEAR_2019,57,6
MaturityDate_Original_YEAR_2020,98,6
MaturityDate_Original_YEAR_2021,79,6
MaturityDate_Original_YEAR_2022,54,6
MaturityDate_Original_YEAR_2023,22,6
MaturityDate_Original_YEAR_2024,51,6
MaturityDate_Original_YEAR_2025,19,6
MaturityDate_Original_YEAR_2026,8,6
MaturityDate_Original_MOY_2,29,6
MaturityDate_Original_MOY_3,8,6
MaturityDate_Original_MOY_4,15,6
MaturityDate_Original_MOY_5,15,6
MaturityDate_Original_MOY_6,12,6
MaturityDate_Original_MOY_7,25,6
MaturityDate_Original_MOY_8,20,6
MaturityDate_Original_MOY_9,15,6
MaturityDate_Original_MOY_10,28,6
MaturityDate_Original_MOY_11,33,6
MaturityDate_Original_MOY_12,22,6
MaturityDate_Original_DOW_1,40,6
MaturityDate_Original_DOW_2,40,6
MaturityDate_Original_DOW_3,47,6
MaturityDate_Original_DOW_4,36,6
Age,562,7
AppliedAmount,357,7
Amount,339,7
Interest,740,7
LoanDuration,380,7
MonthlyPayment,536,7
IncomeFromPrincipalEmployer,277,7
IncomeFromPension,41,7
IncomeFromFamilyAllowance,65,7
IncomeFromSocialWelfare,22,7
IncomeFromLeavePay,26,7
IncomeFromChildSupport,20,7
IncomeOther,50,7
IncomeTotal,487,7
ExistingLiabilities,377,7
LiabilitiesTotal,608,7
RefinanceLiabilities,56,7
DebtToIncome,278,7
FreeCash,312,7
MonthlyPaymentDay,506,7
NoOfPreviousLoansBeforeLoan,209,7
AmountOfPreviousLoansBeforeLoan,548,7
NewCreditCustomer_True,53,7
VerificationType_2,2,7
VerificationType_3,25,7
VerificationType_4,96,7
ApplicationSignedHour_1,1,7
ApplicationSignedHour_2,0,7
ApplicationSignedHour_3,0,7
ApplicationSignedHour_4,0,7
ApplicationSignedHour_5,18,7
ApplicationSignedHour_6,7,7
ApplicationSignedHour_7,5,7
ApplicationSignedHour_8,4,7
ApplicationSignedHour_9,7,7
ApplicationSignedHour_10,3,7
ApplicationSignedHour_11,9,7
ApplicationSignedHour_12,2,7
ApplicationSignedHour_13,9,7
ApplicationSignedHour_14,7,7
ApplicationSignedHour_15,10,7
ApplicationSignedHour_16,12,7
ApplicationSignedHour_17,19,7
ApplicationSignedHour_18,10,7
ApplicationSignedHour_19,5,7
ApplicationSignedHour_20,11,7
ApplicationSignedHour_21,15,7
ApplicationSignedHour_22,14,7
ApplicationSignedHour_23,3,7
ApplicationSignedWeekday_2,18,7
ApplicationSignedWeekday_3,12,7
ApplicationSignedWeekday_4,15,7
ApplicationSignedWeekday_5,16,7
ApplicationSignedWeekday_6,17,7
ApplicationSignedWeekday_7,2,7
LanguageCode_2,13,7
LanguageCode_3,60,7
LanguageCode_4,102,7
LanguageCode_5,0,7
LanguageCode_6,68,7
LanguageCode_7,0,7
LanguageCode_9,33,7
LanguageCode_10,0,7
LanguageCode_13,0,7
LanguageCode_15,0,7
LanguageCode_21,0,7
LanguageCode_22,0,7
Gender_1,77,7
Gender_2,17,7
Country_ES,169,7
Country_FI,103,7
Country_SK,20,7
UseOfLoan_0,19,7
UseOfLoan_1,9,7
UseOfLoan_2,50,7
UseOfLoan_3,2,7
UseOfLoan_4,19,7
UseOfLoan_5,5,7
UseOfLoan_6,5,7
UseOfLoan_7,14,7
UseOfLoan_8,8,7
Education_1,26,7
Education_2,29,7
Education_3,30,7
Education_4,85,7
Education_5,163,7
MaritalStatus_1,29,7
MaritalStatus_2,24,7
MaritalStatus_3,31,7
MaritalStatus_4,15,7
MaritalStatus_5,1,7
EmploymentStatus_0,0,7
EmploymentStatus_2,1,7
EmploymentStatus_3,23,7
EmploymentStatus_4,6,7
EmploymentStatus_5,27,7
EmploymentStatus_6,0,7
EmploymentDurationCurrentEmployer_Other,1,7
EmploymentDurationCurrentEmployer_Retiree,8,7
EmploymentDurationCurrentEmployer_TrialPeriod,12,7
EmploymentDurationCurrentEmployer_UpTo1Year,28,7
EmploymentDurationCurrentEmployer_UpTo2Years,23,7
EmploymentDurationCurrentEmployer_UpTo3Years,13,7
EmploymentDurationCurrentEmployer_UpTo4Years,3,7
EmploymentDurationCurrentEmployer_UpTo5Years,51,7
OccupationArea_0,0,7
OccupationArea_1,21,7
OccupationArea_2,0,7
OccupationArea_3,14,7
OccupationArea_4,0,7
OccupationArea_5,1,7
OccupationArea_6,8,7
OccupationArea_7,9,7
OccupationArea_8,17,7
OccupationArea_9,11,7
OccupationArea_10,15,7
OccupationArea_11,11,7
OccupationArea_12,8,7
OccupationArea_13,7,7
OccupationArea_14,0,7
OccupationArea_15,23,7
OccupationArea_16,20,7
OccupationArea_17,5,7
OccupationArea_18,9,7
OccupationArea_19,7,7
HomeOwnershipType_0,0,7
HomeOwnershipType_1,119,7
HomeOwnershipType_2,36,7
HomeOwnershipType_3,66,7
HomeOwnershipType_4,9,7
HomeOwnershipType_5,19,7
HomeOwnershipType_6,2,7
HomeOwnershipType_7,19,7
HomeOwnershipType_8,104,7
HomeOwnershipType_9,26,7
HomeOwnershipType_10,9,7
UserName_default_True,32,7
LoanApplicationStartedDate_YEAR_2010,0,7
LoanApplicationStartedDate_YEAR_2011,0,7
LoanApplicationStartedDate_YEAR_2012,0,7
LoanApplicationStartedDate_YEAR_2013,0,7
LoanApplicationStartedDate_YEAR_2014,17,7
LoanApplicationStartedDate_YEAR_2015,19,7
LoanApplicationStartedDate_YEAR_2016,12,7
LoanApplicationStartedDate_YEAR_2017,37,7
LoanApplicationStartedDate_YEAR_2018,20,7
LoanApplicationStartedDate_YEAR_2019,41,7
LoanApplicationStartedDate_YEAR_2020,25,7
LoanApplicationStartedDate_YEAR_2021,38,7
LoanApplicationStartedDate_MOY_2,8,7
LoanApplicationStartedDate_MOY_3,2,7
LoanApplicationStartedDate_MOY_4,9,7
LoanApplicationStartedDate_MOY_5,6,7
LoanApplicationStartedDate_MOY_6,11,7
LoanApplicationStartedDate_MOY_7,5,7
LoanApplicationStartedDate_MOY_8,8,7
LoanApplicationStartedDate_MOY_9,8,7
LoanApplicationStartedDate_MOY_10,7,7
LoanApplicationStartedDate_MOY_11,12,7
LoanApplicationStartedDate_MOY_12,5,7
LoanApplicationStartedDate_DOW_1,21,7
LoanApplicationStartedDate_DOW_2,11,7
LoanApplicationStartedDate_DOW_3,17,7
LoanApplicationStartedDate_DOW_4,11,7
LoanApplicationStartedDate_DOW_5,9,7
LoanApplicationStartedDate_DOW_6,14,7
LoanDate_YEAR_2010,0,7
LoanDate_YEAR_2011,0,7
LoanDate_YEAR_2012,0,7
LoanDate_YEAR_2013,1,7
LoanDate_YEAR_2014,14,7
LoanDate_YEAR_2015,19,7
LoanDate_YEAR_2016,8,7
LoanDate_YEAR_2017,6,7
LoanDate_YEAR_2018,7,7
LoanDate_YEAR_2019,18,7
LoanDate_YEAR_2020,3,7
LoanDate_YEAR_2021,17,7
LoanDate_MOY_2,10,7
LoanDate_MOY_3,10,7
LoanDate_MOY_4,7,7
LoanDate_MOY_5,6,7
LoanDate_MOY_6,8,7
LoanDate_MOY_7,9,7
LoanDate_MOY_8,3,7
LoanDate_MOY_9,6,7
LoanDate_MOY_10,13,7
LoanDate_MOY_11,7,7
LoanDate_MOY_12,8,7
LoanDate_DOW_1,19,7
LoanDate_DOW_2,15,7
LoanDate_DOW_3,15,7
LoanDate_DOW_4,13,7
LoanDate_DOW_5,10,7
LoanDate_DOW_6,7,7
FirstPaymentDate_YEAR_2010,0,7
FirstPaymentDate_YEAR_2011,0,7
FirstPaymentDate_YEAR_2012,0,7
FirstPaymentDate_YEAR_2013,5,7
FirstPaymentDate_YEAR_2014,10,7
FirstPaymentDate_YEAR_2015,61,7
FirstPaymentDate_YEAR_2016,12,7
FirstPaymentDate_YEAR_2017,20,7
FirstPaymentDate_YEAR_2018,23,7
FirstPaymentDate_YEAR_2019,18,7
FirstPaymentDate_YEAR_2020,27,7
FirstPaymentDate_YEAR_2021,29,7
FirstPaymentDate_MOY_2,14,7
FirstPaymentDate_MOY_3,8,7
FirstPaymentDate_MOY_4,5,7
FirstPaymentDate_MOY_5,5,7
FirstPaymentDate_MOY_6,4,7
FirstPaymentDate_MOY_7,24,7
FirstPaymentDate_MOY_8,10,7
FirstPaymentDate_MOY_9,6,7
FirstPaymentDate_MOY_10,5,7
FirstPaymentDate_MOY_11,9,7
FirstPaymentDate_MOY_12,15,7
FirstPaymentDate_DOW_1,16,7
FirstPaymentDate_DOW_2,17,7
FirstPaymentDate_DOW_3,21,7
FirstPaymentDate_DOW_4,14,7
MaturityDate_Original_YEAR_2010,0,7
MaturityDate_Original_YEAR_2011,0,7
MaturityDate_Original_YEAR_2012,0,7
MaturityDate_Original_YEAR_2013,0,7
MaturityDate_Original_YEAR_2014,0,7
MaturityDate_Original_YEAR_2015,3,7
MaturityDate_Original_YEAR_2016,11,7
MaturityDate_Original_YEAR_2017,28,7
MaturityDate_Original_YEAR_2018,25,7
MaturityDate_Original_YEAR_2019,32,7
MaturityDate_Original_YEAR_2020,59,7
MaturityDate_Original_YEAR_2021,37,7
MaturityDate_Original_YEAR_2022,43,7
MaturityDate_Original_YEAR_2023,10,7
MaturityDate_Original_YEAR_2024,17,7
MaturityDate_Original_YEAR_2025,5,7
MaturityDate_Original_YEAR_2026,4,7
MaturityDate_Original_MOY_2,14,7
MaturityDate_Original_MOY_3,4,7
MaturityDate_Original_MOY_4,9,7
MaturityDate_Original_MOY_5,10,7
MaturityDate_Original_MOY_6,11,7
MaturityDate_Original_MOY_7,13,7
MaturityDate_Original_MOY_8,3,7
MaturityDate_Original_MOY_9,3,7
MaturityDate_Original_MOY_10,7,7
MaturityDate_Original_MOY_11,12,7
MaturityDate_Original_MOY_12,13,7
MaturityDate_Original_DOW_1,15,7
MaturityDate_Original_DOW_2,9,7
MaturityDate_Original_DOW_3,18,7
MaturityDate_Original_DOW_4,13,7
Age,1881,8
AppliedAmount,1118,8
Amount,947,8
Interest,1932,8
LoanDuration,822,8
MonthlyPayment,1646,8
IncomeFromPrincipalEmployer,811,8
IncomeFromPension,178,8
IncomeFromFamilyAllowance,239,8
IncomeFromSocialWelfare,92,8
IncomeFromLeavePay,70,8
IncomeFromChildSupport,76,8
IncomeOther,165,8
IncomeTotal,1792,8
ExistingLiabilities,909,8
LiabilitiesTotal,1822,8
RefinanceLiabilities,161,8
DebtToIncome,932,8
FreeCash,897,8
MonthlyPaymentDay,1500,8
NoOfPreviousLoansBeforeLoan,573,8
AmountOfPreviousLoansBeforeLoan,1337,8
NewCreditCustomer_True,134,8
VerificationType_2,0,8
VerificationType_3,69,8
VerificationType_4,270,8
ApplicationSignedHour_1,7,8
ApplicationSignedHour_2,3,8
ApplicationSignedHour_3,5,8
ApplicationSignedHour_4,2,8
ApplicationSignedHour_5,24,8
ApplicationSignedHour_6,24,8
ApplicationSignedHour_7,28,8
ApplicationSignedHour_8,32,8
ApplicationSignedHour_9,34,8
ApplicationSignedHour_10,38,8
ApplicationSignedHour_11,36,8
ApplicationSignedHour_12,42,8
ApplicationSignedHour_13,33,8
ApplicationSignedHour_14,39,8
ApplicationSignedHour_15,32,8
ApplicationSignedHour_16,41,8
ApplicationSignedHour_17,42,8
ApplicationSignedHour_18,44,8
ApplicationSignedHour_19,21,8
ApplicationSignedHour_20,29,8
ApplicationSignedHour_21,33,8
ApplicationSignedHour_22,32,8
ApplicationSignedHour_23,22,8
ApplicationSignedWeekday_2,87,8
ApplicationSignedWeekday_3,53,8
ApplicationSignedWeekday_4,57,8
ApplicationSignedWeekday_5,42,8
ApplicationSignedWeekday_6,46,8
ApplicationSignedWeekday_7,18,8
LanguageCode_2,29,8
LanguageCode_3,119,8
LanguageCode_4,157,8
LanguageCode_5,0,8
LanguageCode_6,130,8
LanguageCode_7,0,8
LanguageCode_9,17,8
LanguageCode_10,0,8
LanguageCode_13,0,8
LanguageCode_15,0,8
LanguageCode_21,0,8
LanguageCode_22,0,8
Gender_1,246,8
Gender_2,38,8
Country_ES,218,8
Country_FI,170,8
Country_SK,39,8
UseOfLoan_0,54,8
UseOfLoan_1,28,8
UseOfLoan_2,95,8
UseOfLoan_3,21,8
UseOfLoan_4,31,8
UseOfLoan_5,24,8
UseOfLoan_6,31,8
UseOfLoan_7,62,8
UseOfLoan_8,11,8
Education_1,67,8
Education_2,55,8
Education_3,138,8
Education_4,229,8
Education_5,251,8
MaritalStatus_1,78,8
MaritalStatus_2,74,8
MaritalStatus_3,99,8
MaritalStatus_4,27,8
MaritalStatus_5,6,8
EmploymentStatus_0,0,8
EmploymentStatus_2,14,8
EmploymentStatus_3,49,8
EmploymentStatus_4,19,8
EmploymentStatus_5,41,8
EmploymentStatus_6,5,8
EmploymentDurationCurrentEmployer_Other,21,8
EmploymentDurationCurrentEmployer_Retiree,21,8
EmploymentDurationCurrentEmployer_TrialPeriod,16,8
EmploymentDurationCurrentEmployer_UpTo1Year,111,8
EmploymentDurationCurrentEmployer_UpTo2Years,55,8
EmploymentDurationCurrentEmployer_UpTo3Years,44,8
EmploymentDurationCurrentEmployer_UpTo4Years,21,8
EmploymentDurationCurrentEmployer_UpTo5Years,148,8
OccupationArea_0,0,8
OccupationArea_1,83,8
OccupationArea_2,0,8
OccupationArea_3,53,8
OccupationArea_4,6,8
OccupationArea_5,15,8
OccupationArea_6,37,8
OccupationArea_7,40,8
OccupationArea_8,27,8
OccupationArea_9,35,8
OccupationArea_10,40,8
OccupationArea_11,22,8
OccupationArea_12,25,8
OccupationArea_13,24,8
OccupationArea_14,15,8
OccupationArea_15,45,8
OccupationArea_16,28,8
OccupationArea_17,40,8
OccupationArea_18,16,8
OccupationArea_19,19,8
HomeOwnershipType_0,0,8
HomeOwnershipType_1,266,8
HomeOwnershipType_2,127,8
HomeOwnershipType_3,149,8
HomeOwnershipType_4,39,8
HomeOwnershipType_5,24,8
HomeOwnershipType_6,18,8
HomeOwnershipType_7,44,8
HomeOwnershipType_8,170,8
HomeOwnershipType_9,37,8
HomeOwnershipType_10,28,8
UserName_default_True,97,8
LoanApplicationStartedDate_YEAR_2010,0,8
LoanApplicationStartedDate_YEAR_2011,0,8
LoanApplicationStartedDate_YEAR_2012,0,8
LoanApplicationStartedDate_YEAR_2013,3,8
LoanApplicationStartedDate_YEAR_2014,32,8
LoanApplicationStartedDate_YEAR_2015,49,8
LoanApplicationStartedDate_YEAR_2016,59,8
LoanApplicationStartedDate_YEAR_2017,68,8
LoanApplicationStartedDate_YEAR_2018,62,8
LoanApplicationStartedDate_YEAR_2019,88,8
LoanApplicationStartedDate_YEAR_2020,43,8
LoanApplicationStartedDate_YEAR_2021,54,8
LoanApplicationStartedDate_MOY_2,27,8
LoanApplicationStartedDate_MOY_3,28,8
LoanApplicationStartedDate_MOY_4,39,8
LoanApplicationStartedDate_MOY_5,20,8
LoanApplicationStartedDate_MOY_6,26,8
LoanApplicationStartedDate_MOY_7,22,8
LoanApplicationStartedDate_MOY_8,21,8
LoanApplicationStartedDate_MOY_9,26,8
LoanApplicationStartedDate_MOY_10,32,8
LoanApplicationStartedDate_MOY_11,30,8
LoanApplicationStartedDate_MOY_12,23,8
LoanApplicationStartedDate_DOW_1,82,8
LoanApplicationStartedDate_DOW_2,48,8
LoanApplicationStartedDate_DOW_3,82,8
LoanApplicationStartedDate_DOW_4,50,8
LoanApplicationStartedDate_DOW_5,24,8
LoanApplicationStartedDate_DOW_6,48,8
LoanDate_YEAR_2010,0,8
LoanDate_YEAR_2011,0,8
LoanDate_YEAR_2012,0,8
LoanDate_YEAR_2013,1,8
LoanDate_YEAR_2014,39,8
LoanDate_YEAR_2015,35,8
LoanDate_YEAR_2016,28,8
LoanDate_YEAR_2017,31,8
LoanDate_YEAR_2018,30,8
LoanDate_YEAR_2019,33,8
LoanDate_YEAR_2020,22,8
LoanDate_YEAR_2021,14,8
LoanDate_MOY_2,30,8
LoanDate_MOY_3,36,8
LoanDate_MOY_4,30,8
LoanDate_MOY_5,24,8
LoanDate_MOY_6,19,8
LoanDate_MOY_7,19,8
LoanDate_MOY_8,16,8
LoanDate_MOY_9,23,8
LoanDate_MOY_10,26,8
LoanDate_MOY_11,29,8
LoanDate_MOY_12,28,8
LoanDate_DOW_1,67,8
LoanDate_DOW_2,66,8
LoanDate_DOW_3,77,8
LoanDate_DOW_4,53,8
LoanDate_DOW_5,22,8
LoanDate_DOW_6,39,8
FirstPaymentDate_YEAR_2010,0,8
FirstPaymentDate_YEAR_2011,0,8
FirstPaymentDate_YEAR_2012,0,8
FirstPaymentDate_YEAR_2013,13,8
FirstPaymentDate_YEAR_2014,39,8
FirstPaymentDate_YEAR_2015,84,8
FirstPaymentDate_YEAR_2016,48,8
FirstPaymentDate_YEAR_2017,55,8
FirstPaymentDate_YEAR_2018,66,8
FirstPaymentDate_YEAR_2019,56,8
FirstPaymentDate_YEAR_2020,64,8
FirstPaymentDate_YEAR_2021,62,8
FirstPaymentDate_MOY_2,46,8
FirstPaymentDate_MOY_3,29,8
FirstPaymentDate_MOY_4,22,8
FirstPaymentDate_MOY_5,29,8
FirstPaymentDate_MOY_6,31,8
FirstPaymentDate_MOY_7,42,8
FirstPaymentDate_MOY_8,34,8
FirstPaymentDate_MOY_9,25,8
FirstPaymentDate_MOY_10,29,8
FirstPaymentDate_MOY_11,30,8
FirstPaymentDate_MOY_12,51,8
FirstPaymentDate_DOW_1,58,8
FirstPaymentDate_DOW_2,58,8
FirstPaymentDate_DOW_3,86,8
FirstPaymentDate_DOW_4,70,8
MaturityDate_Original_YEAR_2010,0,8
MaturityDate_Original_YEAR_2011,0,8
MaturityDate_Original_YEAR_2012,0,8
MaturityDate_Original_YEAR_2013,0,8
MaturityDate_Original_YEAR_2014,0,8
MaturityDate_Original_YEAR_2015,15,8
MaturityDate_Original_YEAR_2016,22,8
MaturityDate_Original_YEAR_2017,61,8
MaturityDate_Original_YEAR_2018,60,8
MaturityDate_Original_YEAR_2019,57,8
MaturityDate_Original_YEAR_2020,136,8
MaturityDate_Original_YEAR_2021,103,8
MaturityDate_Original_YEAR_2022,93,8
MaturityDate_Original_YEAR_2023,38,8
MaturityDate_Original_YEAR_2024,60,8
MaturityDate_Original_YEAR_2025,19,8
MaturityDate_Original_YEAR_2026,10,8
MaturityDate_Original_MOY_2,33,8
MaturityDate_Original_MOY_3,38,8
MaturityDate_Original_MOY_4,33,8
MaturityDate_Original_MOY_5,36,8
MaturityDate_Original_MOY_6,35,8
MaturityDate_Original_MOY_7,33,8
MaturityDate_Original_MOY_8,17,8
MaturityDate_Original_MOY_9,29,8
MaturityDate_Original_MOY_10,22,8
MaturityDate_Original_MOY_11,40,8
MaturityDate_Original_MOY_12,43,8
MaturityDate_Original_DOW_1,61,8
MaturityDate_Original_DOW_2,62,8
MaturityDate_Original_DOW_3,73,8
MaturityDate_Original_DOW_4,54,8
Age,1374,9
AppliedAmount,860,9
Amount,834,9
Interest,1593,9
LoanDuration,624,9
MonthlyPayment,1304,9
IncomeFromPrincipalEmployer,617,9
IncomeFromPension,133,9
IncomeFromFamilyAllowance,165,9
IncomeFromSocialWelfare,61,9
IncomeFromLeavePay,74,9
IncomeFromChildSupport,58,9
IncomeOther,152,9
IncomeTotal,1465,9
ExistingLiabilities,743,9
LiabilitiesTotal,1413,9
RefinanceLiabilities,125,9
DebtToIncome,698,9
FreeCash,678,9
MonthlyPaymentDay,1151,9
NoOfPreviousLoansBeforeLoan,463,9
AmountOfPreviousLoansBeforeLoan,1106,9
NewCreditCustomer_True,109,9
VerificationType_2,1,9
VerificationType_3,59,9
VerificationType_4,186,9
ApplicationSignedHour_1,1,9
ApplicationSignedHour_2,8,9
ApplicationSignedHour_3,3,9
ApplicationSignedHour_4,3,9
ApplicationSignedHour_5,22,9
ApplicationSignedHour_6,24,9
ApplicationSignedHour_7,20,9
ApplicationSignedHour_8,14,9
ApplicationSignedHour_9,24,9
ApplicationSignedHour_10,27,9
ApplicationSignedHour_11,31,9
ApplicationSignedHour_12,37,9
ApplicationSignedHour_13,34,9
ApplicationSignedHour_14,28,9
ApplicationSignedHour_15,23,9
ApplicationSignedHour_16,32,9
ApplicationSignedHour_17,34,9
ApplicationSignedHour_18,36,9
ApplicationSignedHour_19,15,9
ApplicationSignedHour_20,18,9
ApplicationSignedHour_21,24,9
ApplicationSignedHour_22,25,9
ApplicationSignedHour_23,12,9
ApplicationSignedWeekday_2,58,9
ApplicationSignedWeekday_3,31,9
ApplicationSignedWeekday_4,41,9
ApplicationSignedWeekday_5,37,9
ApplicationSignedWeekday_6,38,9
ApplicationSignedWeekday_7,19,9
LanguageCode_2,27,9
LanguageCode_3,121,9
LanguageCode_4,145,9
LanguageCode_5,0,9
LanguageCode_6,90,9
LanguageCode_7,0,9
LanguageCode_9,22,9
LanguageCode_10,0,9
LanguageCode_13,0,9
LanguageCode_15,0,9
LanguageCode_21,0,9
LanguageCode_22,0,9
Gender_1,153,9
Gender_2,36,9
Country_ES,213,9
Country_FI,141,9
Country_SK,33,9
UseOfLoan_0,34,9
UseOfLoan_1,16,9
UseOfLoan_2,76,9
UseOfLoan_3,9,9
UseOfLoan_4,27,9
UseOfLoan_5,22,9
UseOfLoan_6,20,9
UseOfLoan_7,40,9
UseOfLoan_8,20,9
Education_1,58,9
Education_2,38,9
Education_3,99,9
Education_4,195,9
Education_5,237,9
MaritalStatus_1,60,9
MaritalStatus_2,62,9
MaritalStatus_3,85,9
MaritalStatus_4,36,9
MaritalStatus_5,1,9
EmploymentStatus_0,0,9
EmploymentStatus_2,7,9
EmploymentStatus_3,63,9
EmploymentStatus_4,23,9
EmploymentStatus_5,44,9
EmploymentStatus_6,2,9
EmploymentDurationCurrentEmployer_Other,9,9
EmploymentDurationCurrentEmployer_Retiree,14,9
EmploymentDurationCurrentEmployer_TrialPeriod,13,9
EmploymentDurationCurrentEmployer_UpTo1Year,77,9
EmploymentDurationCurrentEmployer_UpTo2Years,43,9
EmploymentDurationCurrentEmployer_UpTo3Years,48,9
EmploymentDurationCurrentEmployer_UpTo4Years,13,9
EmploymentDurationCurrentEmployer_UpTo5Years,117,9
OccupationArea_0,0,9
OccupationArea_1,57,9
OccupationArea_2,0,9
OccupationArea_3,34,9
OccupationArea_4,3,9
OccupationArea_5,6,9
OccupationArea_6,28,9
OccupationArea_7,40,9
OccupationArea_8,20,9
OccupationArea_9,30,9
OccupationArea_10,33,9
OccupationArea_11,22,9
OccupationArea_12,23,9
OccupationArea_13,18,9
OccupationArea_14,6,9
OccupationArea_15,37,9
OccupationArea_16,28,9
OccupationArea_17,23,9
OccupationArea_18,18,9
OccupationArea_19,8,9
HomeOwnershipType_0,0,9
HomeOwnershipType_1,232,9
HomeOwnershipType_2,89,9
HomeOwnershipType_3,113,9
HomeOwnershipType_4,24,9
HomeOwnershipType_5,25,9
HomeOwnershipType_6,20,9
HomeOwnershipType_7,32,9
HomeOwnershipType_8,142,9
HomeOwnershipType_9,33,9
HomeOwnershipType_10,16,9
UserName_default_True,73,9
LoanApplicationStartedDate_YEAR_2010,0,9
LoanApplicationStartedDate_YEAR_2011,0,9
LoanApplicationStartedDate_YEAR_2012,0,9
LoanApplicationStartedDate_YEAR_2013,2,9
LoanApplicationStartedDate_YEAR_2014,26,9
LoanApplicationStartedDate_YEAR_2015,37,9
LoanApplicationStartedDate_YEAR_2016,34,9
LoanApplicationStartedDate_YEAR_2017,52,9
LoanApplicationStartedDate_YEAR_2018,45,9
LoanApplicationStartedDate_YEAR_2019,80,9
LoanApplicationStartedDate_YEAR_2020,50,9
LoanApplicationStartedDate_YEAR_2021,75,9
LoanApplicationStartedDate_MOY_2,28,9
LoanApplicationStartedDate_MOY_3,21,9
LoanApplicationStartedDate_MOY_4,27,9
LoanApplicationStartedDate_MOY_5,13,9
LoanApplicationStartedDate_MOY_6,32,9
LoanApplicationStartedDate_MOY_7,15,9
LoanApplicationStartedDate_MOY_8,14,9
LoanApplicationStartedDate_MOY_9,17,9
LoanApplicationStartedDate_MOY_10,18,9
LoanApplicationStartedDate_MOY_11,35,9
LoanApplicationStartedDate_MOY_12,21,9
LoanApplicationStartedDate_DOW_1,45,9
LoanApplicationStartedDate_DOW_2,48,9
LoanApplicationStartedDate_DOW_3,53,9
LoanApplicationStartedDate_DOW_4,33,9
LoanApplicationStartedDate_DOW_5,23,9
LoanApplicationStartedDate_DOW_6,38,9
LoanDate_YEAR_2010,0,9
LoanDate_YEAR_2011,0,9
LoanDate_YEAR_2012,0,9
LoanDate_YEAR_2013,2,9
LoanDate_YEAR_2014,28,9
LoanDate_YEAR_2015,34,9
LoanDate_YEAR_2016,17,9
LoanDate_YEAR_2017,23,9
LoanDate_YEAR_2018,21,9
LoanDate_YEAR_2019,26,9
LoanDate_YEAR_2020,14,9
LoanDate_YEAR_2021,15,9
LoanDate_MOY_2,23,9
LoanDate_MOY_3,24,9
LoanDate_MOY_4,20,9
LoanDate_MOY_5,16,9
LoanDate_MOY_6,19,9
LoanDate_MOY_7,13,9
LoanDate_MOY_8,15,9
LoanDate_MOY_9,19,9
LoanDate_MOY_10,27,9
LoanDate_MOY_11,26,9
LoanDate_MOY_12,18,9
LoanDate_DOW_1,48,9
LoanDate_DOW_2,52,9
LoanDate_DOW_3,56,9
LoanDate_DOW_4,54,9
LoanDate_DOW_5,24,9
LoanDate_DOW_6,21,9
FirstPaymentDate_YEAR_2010,0,9
FirstPaymentDate_YEAR_2011,0,9
FirstPaymentDate_YEAR_2012,0,9
FirstPaymentDate_YEAR_2013,4,9
FirstPaymentDate_YEAR_2014,29,9
FirstPaymentDate_YEAR_2015,81,9
FirstPaymentDate_YEAR_2016,44,9
FirstPaymentDate_YEAR_2017,70,9
FirstPaymentDate_YEAR_2018,47,9
FirstPaymentDate_YEAR_2019,50,9
FirstPaymentDate_YEAR_2020,57,9
FirstPaymentDate_YEAR_2021,40,9
FirstPaymentDate_MOY_2,30,9
FirstPaymentDate_MOY_3,27,9
FirstPaymentDate_MOY_4,19,9
FirstPaymentDate_MOY_5,27,9
FirstPaymentDate_MOY_6,11,9
FirstPaymentDate_MOY_7,41,9
FirstPaymentDate_MOY_8,15,9
FirstPaymentDate_MOY_9,20,9
FirstPaymentDate_MOY_10,20,9
FirstPaymentDate_MOY_11,31,9
FirstPaymentDate_MOY_12,30,9
FirstPaymentDate_DOW_1,53,9
FirstPaymentDate_DOW_2,43,9
FirstPaymentDate_DOW_3,56,9
FirstPaymentDate_DOW_4,54,9
MaturityDate_Original_YEAR_2010,0,9
MaturityDate_Original_YEAR_2011,0,9
MaturityDate_Original_YEAR_2012,0,9
MaturityDate_Original_YEAR_2013,0,9
MaturityDate_Original_YEAR_2014,0,9
MaturityDate_Original_YEAR_2015,11,9
MaturityDate_Original_YEAR_2016,15,9
MaturityDate_Original_YEAR_2017,59,9
MaturityDate_Original_YEAR_2018,50,9
MaturityDate_Original_YEAR_2019,66,9
MaturityDate_Original_YEAR_2020,118,9
MaturityDate_Original_YEAR_2021,67,9
MaturityDate_Original_YEAR_2022,59,9
MaturityDate_Original_YEAR_2023,30,9
MaturityDate_Original_YEAR_2024,41,9
MaturityDate_Original_YEAR_2025,19,9
MaturityDate_Original_YEAR_2026,8,9
MaturityDate_Original_MOY_2,28,9
MaturityDate_Original_MOY_3,22,9
MaturityDate_Original_MOY_4,19,9
MaturityDate_Original_MOY_5,24,9
MaturityDate_Original_MOY_6,24,9
MaturityDate_Original_MOY_7,21,9
MaturityDate_Original_MOY_8,11,9
MaturityDate_Original_MOY_9,16,9
MaturityDate_Original_MOY_10,32,9
MaturityDate_Original_MOY_11,29,9
MaturityDate_Original_MOY_12,21,9
MaturityDate_Original_DOW_1,41,9
MaturityDate_Original_DOW_2,58,9
MaturityDate_Original_DOW_3,52,9
MaturityDate_Original_DOW_4,36,9
Age,754,10
AppliedAmount,492,10
Amount,433,10
Interest,922,10
LoanDuration,465,10
MonthlyPayment,696,10
IncomeFromPrincipalEmployer,379,10
IncomeFromPension,78,10
IncomeFromFamilyAllowance,100,10
IncomeFromSocialWelfare,31,10
IncomeFromLeavePay,39,10
IncomeFromChildSupport,35,10
IncomeOther,74,10
IncomeTotal,786,10
ExistingLiabilities,495,10
LiabilitiesTotal,814,10
RefinanceLiabilities,64,10
DebtToIncome,427,10
FreeCash,435,10
MonthlyPaymentDay,674,10
NoOfPreviousLoansBeforeLoan,267,10
AmountOfPreviousLoansBeforeLoan,670,10
NewCreditCustomer_True,73,10
VerificationType_2,0,10
VerificationType_3,32,10
VerificationType_4,126,10
ApplicationSignedHour_1,1,10
ApplicationSignedHour_2,2,10
ApplicationSignedHour_3,3,10
ApplicationSignedHour_4,0,10
ApplicationSignedHour_5,18,10
ApplicationSignedHour_6,15,10
ApplicationSignedHour_7,16,10
ApplicationSignedHour_8,8,10
ApplicationSignedHour_9,11,10
ApplicationSignedHour_10,16,10
ApplicationSignedHour_11,14,10
ApplicationSignedHour_12,7,10
ApplicationSignedHour_13,6,10
ApplicationSignedHour_14,15,10
ApplicationSignedHour_15,17,10
ApplicationSignedHour_16,25,10
ApplicationSignedHour_17,18,10
ApplicationSignedHour_18,17,10
ApplicationSignedHour_19,10,10
ApplicationSignedHour_20,11,10
ApplicationSignedHour_21,11,10
ApplicationSignedHour_22,17,10
ApplicationSignedHour_23,6,10
ApplicationSignedWeekday_2,26,10
ApplicationSignedWeekday_3,24,10
ApplicationSignedWeekday_4,17,10
ApplicationSignedWeekday_5,27,10
ApplicationSignedWeekday_6,27,10
ApplicationSignedWeekday_7,6,10
LanguageCode_2,18,10
LanguageCode_3,65,10
LanguageCode_4,90,10
LanguageCode_5,0,10
LanguageCode_6,79,10
LanguageCode_7,0,10
LanguageCode_9,23,10
LanguageCode_10,0,10
LanguageCode_13,0,10
LanguageCode_15,0,10
LanguageCode_21,0,10
LanguageCode_22,0,10
Gender_1,123,10
Gender_2,23,10
Country_ES,174,10
Country_FI,134,10
Country_SK,29,10
UseOfLoan_0,31,10
UseOfLoan_1,14,10
UseOfLoan_2,60,10
UseOfLoan_3,6,10
UseOfLoan_4,18,10
UseOfLoan_5,9,10
UseOfLoan_6,7,10
UseOfLoan_7,31,10
UseOfLoan_8,7,10
Education_1,39,10
Education_2,34,10
Education_3,36,10
Education_4,105,10
Education_5,172,10
MaritalStatus_1,42,10
MaritalStatus_2,30,10
MaritalStatus_3,44,10
MaritalStatus_4,20,10
MaritalStatus_5,1,10
EmploymentStatus_0,0,10
EmploymentStatus_2,4,10
EmploymentStatus_3,30,10
EmploymentStatus_4,13,10
EmploymentStatus_5,44,10
EmploymentStatus_6,1,10
EmploymentDurationCurrentEmployer_Other,5,10
EmploymentDurationCurrentEmployer_Retiree,15,10
EmploymentDurationCurrentEmployer_TrialPeriod,11,10
EmploymentDurationCurrentEmployer_UpTo1Year,36,10
EmploymentDurationCurrentEmployer_UpTo2Years,30,10
EmploymentDurationCurrentEmployer_UpTo3Years,20,10
EmploymentDurationCurrentEmployer_UpTo4Years,11,10
EmploymentDurationCurrentEmployer_UpTo5Years,52,10
OccupationArea_0,0,10
OccupationArea_1,28,10
OccupationArea_2,0,10
OccupationArea_3,17,10
OccupationArea_4,5,10
OccupationArea_5,7,10
OccupationArea_6,13,10
OccupationArea_7,12,10
OccupationArea_8,15,10
OccupationArea_9,17,10
OccupationArea_10,33,10
OccupationArea_11,11,10
OccupationArea_12,12,10
OccupationArea_13,7,10
OccupationArea_14,6,10
OccupationArea_15,23,10
OccupationArea_16,18,10
OccupationArea_17,18,10
OccupationArea_18,6,10
OccupationArea_19,8,10
HomeOwnershipType_0,0,10
HomeOwnershipType_1,160,10
HomeOwnershipType_2,55,10
HomeOwnershipType_3,72,10
HomeOwnershipType_4,13,10
HomeOwnershipType_5,15,10
HomeOwnershipType_6,11,10
HomeOwnershipType_7,19,10
HomeOwnershipType_8,107,10
HomeOwnershipType_9,30,10
HomeOwnershipType_10,13,10
UserName_default_True,53,10
LoanApplicationStartedDate_YEAR_2010,0,10
LoanApplicationStartedDate_YEAR_2011,0,10
LoanApplicationStartedDate_YEAR_2012,0,10
LoanApplicationStartedDate_YEAR_2013,1,10
LoanApplicationStartedDate_YEAR_2014,28,10
LoanApplicationStartedDate_YEAR_2015,30,10
LoanApplicationStartedDate_YEAR_2016,36,10
LoanApplicationStartedDate_YEAR_2017,40,10
LoanApplicationStartedDate_YEAR_2018,25,10
LoanApplicationStartedDate_YEAR_2019,55,10
LoanApplicationStartedDate_YEAR_2020,23,10
LoanApplicationStartedDate_YEAR_2021,50,10
LoanApplicationStartedDate_MOY_2,4,10
LoanApplicationStartedDate_MOY_3,1,10
LoanApplicationStartedDate_MOY_4,9,10
LoanApplicationStartedDate_MOY_5,7,10
LoanApplicationStartedDate_MOY_6,4,10
LoanApplicationStartedDate_MOY_7,12,10
LoanApplicationStartedDate_MOY_8,6,10
LoanApplicationStartedDate_MOY_9,7,10
LoanApplicationStartedDate_MOY_10,13,10
LoanApplicationStartedDate_MOY_11,18,10
LoanApplicationStartedDate_MOY_12,9,10
LoanApplicationStartedDate_DOW_1,29,10
LoanApplicationStartedDate_DOW_2,26,10
LoanApplicationStartedDate_DOW_3,33,10
LoanApplicationStartedDate_DOW_4,13,10
LoanApplicationStartedDate_DOW_5,8,10
LoanApplicationStartedDate_DOW_6,12,10
LoanDate_YEAR_2010,0,10
LoanDate_YEAR_2011,0,10
LoanDate_YEAR_2012,0,10
LoanDate_YEAR_2013,0,10
LoanDate_YEAR_2014,20,10
LoanDate_YEAR_2015,24,10
LoanDate_YEAR_2016,8,10
LoanDate_YEAR_2017,13,10
LoanDate_YEAR_2018,12,10
LoanDate_YEAR_2019,13,10
LoanDate_YEAR_2020,7,10
LoanDate_YEAR_2021,19,10
LoanDate_MOY_2,12,10
LoanDate_MOY_3,14,10
LoanDate_MOY_4,13,10
LoanDate_MOY_5,4,10
LoanDate_MOY_6,11,10
LoanDate_MOY_7,11,10
LoanDate_MOY_8,9,10
LoanDate_MOY_9,7,10
LoanDate_MOY_10,9,10
LoanDate_MOY_11,17,10
LoanDate_MOY_12,7,10
LoanDate_DOW_1,24,10
LoanDate_DOW_2,14,10
LoanDate_DOW_3,25,10
LoanDate_DOW_4,22,10
LoanDate_DOW_5,11,10
LoanDate_DOW_6,12,10
FirstPaymentDate_YEAR_2010,0,10
FirstPaymentDate_YEAR_2011,0,10
FirstPaymentDate_YEAR_2012,0,10
FirstPaymentDate_YEAR_2013,5,10
FirstPaymentDate_YEAR_2014,16,10
FirstPaymentDate_YEAR_2015,53,10
FirstPaymentDate_YEAR_2016,32,10
FirstPaymentDate_YEAR_2017,34,10
FirstPaymentDate_YEAR_2018,33,10
FirstPaymentDate_YEAR_2019,30,10
FirstPaymentDate_YEAR_2020,37,10
FirstPaymentDate_YEAR_2021,48,10
FirstPaymentDate_MOY_2,18,10
FirstPaymentDate_MOY_3,8,10
FirstPaymentDate_MOY_4,7,10
FirstPaymentDate_MOY_5,12,10
FirstPaymentDate_MOY_6,10,10
FirstPaymentDate_MOY_7,18,10
FirstPaymentDate_MOY_8,11,10
FirstPaymentDate_MOY_9,6,10
FirstPaymentDate_MOY_10,8,10
FirstPaymentDate_MOY_11,13,10
FirstPaymentDate_MOY_12,25,10
FirstPaymentDate_DOW_1,23,10
FirstPaymentDate_DOW_2,27,10
FirstPaymentDate_DOW_3,27,10
FirstPaymentDate_DOW_4,23,10
MaturityDate_Original_YEAR_2010,0,10
MaturityDate_Original_YEAR_2011,0,10
MaturityDate_Original_YEAR_2012,0,10
MaturityDate_Original_YEAR_2013,0,10
MaturityDate_Original_YEAR_2014,0,10
MaturityDate_Original_YEAR_2015,6,10
MaturityDate_Original_YEAR_2016,9,10
MaturityDate_Original_YEAR_2017,42,10
MaturityDate_Original_YEAR_2018,35,10
MaturityDate_Original_YEAR_2019,36,10
MaturityDate_Original_YEAR_2020,78,10
MaturityDate_Original_YEAR_2021,40,10
MaturityDate_Original_YEAR_2022,37,10
MaturityDate_Original_YEAR_2023,17,10
MaturityDate_Original_YEAR_2024,39,10
MaturityDate_Original_YEAR_2025,5,10
MaturityDate_Original_YEAR_2026,7,10
MaturityDate_Original_MOY_2,18,10
MaturityDate_Original_MOY_3,5,10
MaturityDate_Original_MOY_4,10,10
MaturityDate_Original_MOY_5,10,10
MaturityDate_Original_MOY_6,14,10
MaturityDate_Original_MOY_7,14,10
MaturityDate_Original_MOY_8,4,10
MaturityDate_Original_MOY_9,10,10
MaturityDate_Original_MOY_10,15,10
MaturityDate_Original_MOY_11,14,10
MaturityDate_Original_MOY_12,14,10
MaturityDate_Original_DOW_1,28,10
MaturityDate_Original_DOW_2,24,10
MaturityDate_Original_DOW_3,22,10
MaturityDate_Original_DOW_4,14,10
